username,password,mail,latitude,longitude,country,city,region
gwilliams,xj64Z_*lz*,nolangabriella@example.com,-19.72806,-50.19556,BR,Sao_Paulo,America
ryan93,7(S7fOnb!q,johnponce@example.net,17.06542,-96.72365,MX,Mexico_City,America
millerluke,SeS7RDjVK(,ivan20@example.net,44.27804,-88.27205,US,Chicago,America
rjones,suSG28Bcs#,skeller@example.com,20.22816,-103.5687,MX,Mexico_City,America
chloe79,hGeF0J%j_5,reidcatherine@example.net,39.08367,-84.50855,US,New_York,America
hdavis,x!)9Ag@J*7,gwhite@example.com,9.3337,122.8637,PH,Manila,Asia
lyonspeter,%tXbx%cpD5,kmaldonado@example.net,23.5654,119.58627,TW,Taipei,Asia
paul42,^g0)ONxbV(,fpoole@example.org,43.86682,-79.2663,CA,Toronto,America
ernest37,NdIb$K7b&9,larry70@example.com,17.94979,-94.91386,MX,Mexico_City,America
monroedavid,B!6!VR*naq,bburton@example.com,10.22677,-67.33122,VE,Caracas,America
callahandennis,8@$cT5De$(,jaredmatthews@example.org,-22.53722,-42.98194,BR,Sao_Paulo,America
josephmorgan,^$KyyHS915,turnermary@example.com,25.87972,-97.50417,MX,Matamoros,America
garciaregina,*5dZAgzuYF,garciaangela@example.com,23.5654,119.58627,TW,Taipei,Asia
tkramer,F_73JENcds,jared03@example.net,44.27804,-88.27205,US,Chicago,America
gonzaleznicholas,t_IDqOtB(2,janice55@example.org,34.4833,136.84186,JP,Tokyo,Asia
nancymorrison,fl6&qS4j#o,gsantana@example.org,36.6009,126.665,KR,Seoul,Asia
gregorylinda,)3XWnNkG1o,marvin74@example.com,-27.50578,153.10236,AU,Brisbane,Australia
dpatrick,#CvN_Hj&d2,dhughes@example.org,21.01858,-101.2591,MX,Mexico_City,America
andrewgeorge,S#5jDrXMYw,vlloyd@example.net,33.92946,-116.97725,US,Los_Angeles,America
benjaminmyers,k3$vOslb^3,thomaspatricia@example.com,-37.9,145.18333,AU,Melbourne,Australia
perrycory,#I0ZCoE(dD,carlsondouglas@example.org,21.28306,-89.66123,MX,Merida,America
adkinskelly,p1TDwhxE+0,garciabeverly@example.org,17.94979,-94.91386,MX,Mexico_City,America
sonyabrock,h98$H@h^J^,christopher75@example.net,20.28527,-103.42897,MX,Mexico_City,America
bennettalan,Fw+5((Ogdu,sharon25@example.com,5.6561,-75.87877,CO,Bogota,America
sfischer,!Ai7T+oM!i,martineznicole@example.org,21.28306,-89.66123,MX,Merida,America
raymond96,E*12X^iR(p,april98@example.net,-0.71667,-48.52333,BR,Belem,America
jenkinscynthia,FY+4GVJo&M,trevor07@example.com,-54.8,-68.3,AR,Argentina,America
nwilliams,$0oyL&wuHp,jessica32@example.net,-20.87306,-48.29694,BR,Sao_Paulo,America
danielmurray,JsK6eQFkK^,bullockarthur@example.net,-25.42944,-50.00639,BR,Sao_Paulo,America
michaelpaul,A&qhjrHt_2,escott@example.org,21.28306,-89.66123,MX,Merida,America
bobby02,!0J4XJ4u^W,jonathan80@example.org,20.21322,-100.88023,MX,Mexico_City,America
clarkalice,$3QGNqIvS!,millercorey@example.org,-10.91722,-37.65,BR,Maceio,America
scottjones,#1O8YvBm&9,qherrera@example.com,21.01858,-101.2591,MX,Mexico_City,America
wilsonkristen,69gXgnp)@2,jeffrey31@example.net,19.32889,-99.32556,MX,Mexico_City,America
jesus74,@P2Emq+zz),kathleengomez@example.net,20.74122,-100.44843,MX,Mexico_City,America
glester,E)04QaOwNt,uwarner@example.com,-16.25,-69.08333,PE,Lima,America
clarkleslie,+a430KUoYE,nicholsonmichael@example.net,-34.64167,-60.47389,AR,Argentina,America
patriciarobinson,&LzhGI7jg2,kfinley@example.org,45.44868,-73.81669,CA,Toronto,America
christopheryoung,#goTAzp*Y3,cjohnson@example.com,25.87972,-97.50417,MX,Matamoros,America
kelly27,fH7OLAsS$8,hfoster@example.com,36.61033,-88.31476,US,Chicago,America
rwilliams,c+u0iIQGnv,francisco25@example.net,-32.45242,-71.23106,CL,Santiago,America
cunninghamstephanie,BjW4U_$ju^,dunnrodney@example.org,-31.95224,115.8614,AU,Perth,Australia
hopkinseric,SG@8@Uz87R,bradyeric@example.net,19.32932,-98.1664,MX,Mexico_City,America
cward,li6Ut+2Ed(,cmiller@example.org,40.58654,-122.39168,US,Los_Angeles,America
rubiofrank,@6rjX&Um66,maria29@example.net,22.49396,-105.36369,MX,Mazatlan,America
lynn67,TD(22Bcuov,mlambert@example.org,41.84364,-87.71255,US,Chicago,America
william22,f7WQuddG#l,laurenmurphy@example.net,-11.94306,-76.70944,PE,Lima,America
zachary72,Y18sBE2b*m,stephenslori@example.com,4.73245,-74.26419,CO,Bogota,America
garciacathy,)zp(K@m@r7,michaelconley@example.org,16.75973,-93.11308,MX,Mexico_City,America
alexandercassandra,)lV#l2jE)4,stephen87@example.com,21.01858,-101.2591,MX,Mexico_City,America
nicholsrichard,*n0wMUqY%#,ethanmaxwell@example.org,38.06084,-97.92977,US,Chicago,America
sonya76,!0H4qMu_T3,andrewholloway@example.net,10.98778,-74.95472,CO,Bogota,America
williamssara,+)9IUcEuEy,tammy66@example.org,-37.32167,-59.13316,AR,Argentina,America
zwalker,s78QSWMq$X,jenniferjohnson@example.com,-25.42778,-49.27306,BR,Sao_Paulo,America
tmiddleton,9N+Opi(f*E,gregory95@example.com,20.28527,-103.42897,MX,Mexico_City,America
carterryan,fD6I0Jm^_c,jeremyfox@example.com,40.60538,-73.75513,US,New_York,America
jennifer51,YxR_4gFk&G,gforbes@example.net,40.72816,-74.07764,US,New_York,America
adamlarson,j+WWP8gw&D,elizabeth32@example.net,37.1759,128.9889,KR,Seoul,Asia
anthonyday,a#c7V8tK$N,williamgibson@example.com,21.28306,-89.66123,MX,Merida,America
marissa78,16+pP_^i_w,lisaphillips@example.com,-33.59217,-70.6996,CL,Santiago,America
dominiquebrown,_2HSWe*rDj,joshua07@example.com,6.46838,-73.26022,CO,Bogota,America
christopher49,x3_92Xlj&X,tperez@example.com,53.51684,-113.3187,CA,Edmonton,America
zramirez,s(+DhuDp+4,fshaw@example.org,40.72816,-74.07764,US,New_York,America
davislogan,6sBf11d#$!,christopherowens@example.org,20.21322,-100.88023,MX,Mexico_City,America
herrerasara,lpMiX7Ve$6,sierra14@example.org,21.01858,-101.2591,MX,Mexico_City,America
nicholasberry,P5*t)sGL_n,lori37@example.org,35.88264,-80.08199,US,New_York,America
arowe,S7Xa5N_K!N,sarah10@example.org,-22.92306,-53.13722,BR,Sao_Paulo,America
cookchristy,1OM$wvDi#7,shernandez@example.net,-32.45242,-71.23106,CL,Santiago,America
carlyjohnson,g!%*9KarxQ,nathanbridges@example.net,-14.66463,-52.35558,BR,Cuiaba,America
qgonzales,47+vweCF^e,cynthiayu@example.net,3.8801,-77.03116,CO,Bogota,America
iparker,(O@JiChit1,stevenrodriguez@example.com,45.4473,-73.75335,CA,Toronto,America
patrickreese,v^3VNwSKGi,nicolewilson@example.com,-25.54073,152.70493,AU,Brisbane,Australia
sotojoseph,X@5SJl@tmZ,wmoses@example.org,49.88307,-119.48568,CA,Vancouver,America
meyermichelle,Qj)T2PdbHX,terri83@example.org,20.22816,-103.5687,MX,Mexico_City,America
tonya48,m0ew#C9v_y,ashaw@example.org,38.17492,-122.2608,US,Los_Angeles,America
lbarajas,%9@Un^yB3a,jordanbrown@example.com,38.06084,-97.92977,US,Chicago,America
brandi45,(FQ5lO5w7s,pmartinez@example.com,21.01858,-101.2591,MX,Mexico_City,America
richard70,64LgS6#5#8,juliewarren@example.com,41.85059,-87.882,US,Chicago,America
mtyler,P3R!6&Fm&x,qdudley@example.com,23.5654,119.58627,TW,Taipei,Asia
stafforderic,$PBLLyi)Y3,michael48@example.net,4.73245,-74.26419,CO,Bogota,America
andrewroman,NKNMktDZ$9,ryanbaker@example.org,20.22816,-103.5687,MX,Mexico_City,America
lindseyholmes,(pAtUk27d8,sheilalopez@example.org,33.93113,-117.54866,US,Los_Angeles,America
albert00,HO)2VJhi@R,tylerhernandez@example.net,19.64745,-102.04897,MX,Mexico_City,America
owillis,#Z!P0NttXe,vlynch@example.com,-29.2975,-51.50361,BR,Sao_Paulo,America
elliskaren,e@8+Iicrj(,cohenronald@example.com,39.46667,141.95,JP,Tokyo,Asia
william81,!wrTkNaY_0,williamskimberly@example.org,17.06542,-96.72365,MX,Mexico_City,America
isullivan,!eZVR&M77c,kendrawall@example.net,-32.45242,-71.23106,CL,Santiago,America
ashleyadam,h23LcMKs^j,douglasross@example.net,12.35275,121.06761,PH,Manila,Asia
natashathomas,(^7AvUNs!6,kimberlyjohnson@example.com,42.8334,-80.38297,CA,Toronto,America
laura03,)i61PyPdFD,wnewton@example.net,16.455,120.5875,PH,Manila,Asia
juareztimothy,9r2teMwy0_,xmyers@example.com,45.4473,-73.75335,CA,Toronto,America
jasonestes,5C9L_iSoe(,catherine18@example.com,42.35843,-71.05977,US,New_York,America
peter83,^62noKx9Nm,kathryngilbert@example.net,14.66,120.56528,PH,Manila,Asia
amy67,^3kVzpVCgc,kramermadison@example.net,-27.4338,-65.61427,AR,Argentina,America
cabreramonica,vu+2Y9ts4),james26@example.org,4.73245,-74.26419,CO,Bogota,America
belldonna,_sYpqkx!_2,toddwilliams@example.com,-54.8,-68.3,AR,Argentina,America
stephenbeck,g31D8RU4*u,jenniferhardin@example.com,19.32889,-99.32556,MX,Mexico_City,America
ugreen,z^YCPDpg(3,christina89@example.com,25.87972,-97.50417,MX,Matamoros,America
fharris,P8aM5*Fd@3,cassandrapierce@example.net,-54.8,-68.3,AR,Argentina,America
qhancock,_#7U3ZyuQ3,rdavis@example.net,21.01858,-101.2591,MX,Mexico_City,America
umurphy,X4VX&cIr_N,luke15@example.org,20.74122,-100.44843,MX,Mexico_City,America
adrienne66,^0E1WDVo&g,cgiles@example.com,-28.81833,-52.51028,BR,Sao_Paulo,America
flemingdeborah,Q1eP&mg7@h,stephaniesantos@example.net,33.92946,-116.97725,US,Los_Angeles,America
perezjasmine,_2U1**Ye7J,reedjonathan@example.com,-11.48472,-37.93278,BR,Bahia,America
terrelldenise,_q3SqixQ$1,cody43@example.net,-11.94306,-76.70944,PE,Lima,America
christopher27,$!96UXoQ+!,qbeard@example.net,20.22816,-103.5687,MX,Mexico_City,America
charlotteadams,7#m0KGfkIu,wthompson@example.com,41.0051,-73.78458,US,New_York,America
gdiaz,)@ZpoNHf@8,granterica@example.org,37.65639,126.835,KR,Seoul,Asia
daviskaren,r370H@!C*l,joy31@example.net,25.87972,-97.50417,MX,Matamoros,America
dmartin,n#Ox*wi3%2,abowman@example.net,19.32932,-98.1664,MX,Mexico_City,America
justinpalmer,*7jXwMZFYv,ldaniel@example.org,21.01858,-101.2591,MX,Mexico_City,America
andrea07,&73Z)&obSX,vlove@example.net,-21.44345,-65.71875,BO,La_Paz,America
christinadecker,7%#DWGqi&8,rmoore@example.com,33.45122,-86.99666,US,Chicago,America
terry54,0&9K%4CyYU,perezveronica@example.org,20.28527,-103.42897,MX,Mexico_City,America
zwhite,+*sa4RgbGV,hubbardjennifer@example.com,8.62261,-70.20749,VE,Caracas,America
jschultz,$6C!A!Y+Vn,laurajones@example.org,10.22677,-67.33122,VE,Caracas,America
lorimichael,1pPDR_Fo&^,hkemp@example.com,17.06542,-96.72365,MX,Mexico_City,America
john12,)v6@Y7cls1,samanthabell@example.net,20.28527,-103.42897,MX,Mexico_City,America
triciadavis,*YX2EUi8uG,burchrobert@example.com,42.8334,-80.38297,CA,Toronto,America
brandon41,c46Ape6ym^,russelllisa@example.net,45.4473,-73.75335,CA,Toronto,America
adam92,^2t#SMhqaV,jacob36@example.net,36.82167,128.63083,KR,Seoul,Asia
christinasnyder,J&2gE3vvt!,aimee65@example.net,26.68451,-80.66756,US,New_York,America
qmarshall,)iQOZwI85I,jennifer00@example.com,-11.94306,-76.70944,PE,Lima,America
andrea87,lh(37S0fYy,hpeterson@example.net,20.28527,-103.42897,MX,Mexico_City,America
wardwilliam,*s8_U2@tU&,turnersamantha@example.com,-34.88422,150.60036,AU,Sydney,Australia
riveranicole,AU)1hHJvpv,mfuller@example.com,-21.44345,-65.71875,BO,La_Paz,America
stevencox,M*54HfWf0a,graykatherine@example.com,36.82167,128.63083,KR,Seoul,Asia
lopezdebra,_2FQ7erhGN,campbellbarbara@example.org,36.75965,137.36215,JP,Tokyo,Asia
megan62,i7ZHsW+i(Q,trobles@example.com,14.66,120.56528,PH,Manila,Asia
michaelporter,1*h(E5Sy$V,josephmason@example.net,10.7375,122.9666,PH,Manila,Asia
scott10,*8QqBk4rOQ,phelpskathy@example.org,23.5654,119.58627,TW,Taipei,Asia
rebecca31,_sEYaRchI0,perrykimberly@example.org,34.06635,-84.67837,US,New_York,America
sarahsnow,^DI4JqyRHC,zmullins@example.com,50.26729,-119.27337,CA,Vancouver,America
thomastapia,#Go0pa(v9c,dylanclark@example.com,34.25807,-88.70464,US,Chicago,America
davistracy,Wi^W9Qzg1f,amy16@example.org,40.65538,-74.38987,US,New_York,America
matthewwilkerson,^NS6q%Cyd6,erin71@example.com,34.61667,135.6,JP,Tokyo,Asia
zcampbell,)Z7WOKdtI!,ikane@example.net,41.80753,-87.65644,US,Chicago,America
vunderwood,0&528Los##,collinssean@example.org,25.87972,-97.50417,MX,Matamoros,America
boydcaitlin,&lGf2xsg+5,morrowsara@example.com,21.59983,71.21169,IN,Kolkata,Asia
rhodesjohn,3TWKxsiV@w,pjones@example.org,6.46838,-73.26022,CO,Bogota,America
travisbarrett,(&FSSrxas4,chad45@example.org,-21.44345,-65.71875,BO,La_Paz,America
michaelcummings,J_99!dM%ja,jessicacurtis@example.org,20.74122,-100.44843,MX,Mexico_City,America
fosterlisa,BJ#6EA#vy$,jasongonzalez@example.com,16.75973,-93.11308,MX,Mexico_City,America
jessica22,vlIUkt0b)6,samantha98@example.org,-21.44345,-65.71875,BO,La_Paz,America
ktucker,+0R(XdRk16,jenniferestrada@example.com,17.94979,-94.91386,MX,Mexico_City,America
waltonbridget,d5FVzdd2$5,elizabeth56@example.org,27.9247,78.40102,IN,Kolkata,Asia
qcohen,gs+3QE_jgl,chrisowen@example.com,-3.74912,-73.25383,PE,Lima,America
sarah12,%Q5NmBe$d*,kellyrodriguez@example.net,10.15031,-73.9614,CO,Bogota,America
knightrichard,+jQawl_EP6,edward85@example.net,20.74122,-100.44843,MX,Mexico_City,America
navarropatricia,dt9r7Qu7e@,clloyd@example.net,24.05979,77.40858,IN,Kolkata,Asia
rmichael,DB5EOEaF^4,gardnernicole@example.com,17.06542,-96.72365,MX,Mexico_City,America
ithomas,hE!8JKgd9%,asmith@example.org,6.33444,124.95278,PH,Manila,Asia
daviskatrina,_3HpBadzXn,danielburke@example.org,36.33011,138.89585,JP,Tokyo,Asia
cchavez,&QrXQ)AtH0,qbaker@example.com,47.76232,-122.2054,US,Los_Angeles,America
ashley48,tdBOKD!(%7,gilesandrew@example.com,9.3337,122.8637,PH,Manila,Asia
blackrebecca,Aq2h3IA@p*,hernandezstephen@example.com,33.50921,-111.89903,US,Phoenix,America
jennaarnold,*uzSIEpp7D,luis49@example.net,20.22816,-103.5687,MX,Mexico_City,America
gallowaymichael,!XdOKTf(Z7,gregorystephen@example.com,23.5654,119.58627,TW,Taipei,Asia
stevendominguez,+_!Rab9^6D,scottzimmerman@example.net,17.94979,-94.91386,MX,Mexico_City,America
brad31,RBl(3Ax7#w,brownnicole@example.net,-21.44345,-65.71875,BO,La_Paz,America
wendygeorge,)vwA_bI@92,matthew95@example.com,17.06542,-96.72365,MX,Mexico_City,America
klopez,1)%k2VGqXE,uward@example.org,-33.59217,-70.6996,CL,Santiago,America
matthewtownsend,^_52VIJvei,knovak@example.org,20.22816,-103.5687,MX,Mexico_City,America
sroberts,X6voOAHH$w,ymoore@example.org,-31.95224,115.8614,AU,Perth,Australia
andrew75,*U#Q8FyYw5,michellesharp@example.net,45.4473,-73.75335,CA,Toronto,America
rachelprice,Mf)7HnLv9_,heathercrawford@example.com,17.94979,-94.91386,MX,Mexico_City,America
sharris,++D)jqV+*6,ashley51@example.com,45.43341,-73.86586,CA,Toronto,America
jennifer88,v4#fDkrV_r,pamela20@example.org,8.35122,-62.64102,VE,Caracas,America
zcolon,5yZlHvk*!3,calhoundana@example.org,-21.44345,-65.71875,BO,La_Paz,America
jenkinsmatthew,u20IG23x@h,melissa54@example.net,21.01858,-101.2591,MX,Mexico_City,America
kriley,7Vj*CXd9q!,rebeccawalker@example.org,41.27621,-72.86843,US,New_York,America
kleinbrian,J68R09Lha*,marisapowell@example.com,-34.64966,-58.38341,AR,Argentina,America
ujackson,)XDp8Pdy38,armstrongcolleen@example.org,-31.25033,-61.4867,AR,Argentina,America
russellcindy,*aJk$D%aU5,lewisbianca@example.com,45.43341,-73.86586,CA,Toronto,America
whitemichelle,t(3HRop)da,mfisher@example.org,46.23899,-63.13414,CA,Halifax,America
tranheidi,g2$WpbWl&Z,matthewpetersen@example.net,-23.7975,-48.59278,BR,Sao_Paulo,America
michellehamilton,Bo36K*Ix%I,philip19@example.com,20.74122,-100.44843,MX,Mexico_City,America
mercerdanielle,(aIkICJf$4,frankvillarreal@example.com,22.49396,-105.36369,MX,Mazatlan,America
williampeck,*XU!fKcQ3l,christopher50@example.net,32.55531,76.12647,IN,Kolkata,Asia
jonathanbennett,&YpPfYegT7,susan41@example.net,33.50921,-111.89903,US,Phoenix,America
danielfrank,n#QIJeej*5,armstrongmichele@example.com,47.64995,-117.23991,US,Los_Angeles,America
ucain,4F)ZIq*+)4,davidrobert@example.org,-32.45242,-71.23106,CL,Santiago,America
vtyler,G1qUDe_y@7,whitakersean@example.net,21.01858,-101.2591,MX,Mexico_City,America
itaylor,3%JgG#rn!!,richardsonjerry@example.com,34.8825,128.62667,KR,Seoul,Asia
ariana15,$C0M5V#y68,carneyrandy@example.com,-33.79176,151.08057,AU,Sydney,Australia
christinamckinney,A%X0SbEg$*,jonesellen@example.com,16.75973,-93.11308,MX,Mexico_City,America
jharris,v+!6pQdp1_,abyrd@example.org,49.88307,-119.48568,CA,Vancouver,America
tiffany84,!x_9M6Ysa3,eoneal@example.com,19.32932,-98.1664,MX,Mexico_City,America
tinafox,_Tgb1FxN1n,williamsrodney@example.net,-21.44345,-65.71875,BO,La_Paz,America
schmittterry,1W%6_Iya$Z,debbiebrown@example.net,-21.44345,-65.71875,BO,La_Paz,America
walshstephanie,Ol*ZaBQa&4,ericgomez@example.org,7.83389,-72.47417,CO,Bogota,America
gmcdowell,%8mEmdTTuh,mitchellsteven@example.org,-31.25033,-61.4867,AR,Argentina,America
josephwinters,)s9FXvF%9z,nrogers@example.org,21.01858,-101.2591,MX,Mexico_City,America
amanda12,&wP9%HMrx#,matthew99@example.org,-21.44345,-65.71875,BO,La_Paz,America
stewartrobert,$2redLmlo1,hartmanamy@example.org,-28.24,-48.67028,BR,Sao_Paulo,America
frankmurray,x^4Y_jIyE),michael01@example.net,19.64745,-102.04897,MX,Mexico_City,America
allenalvarez,t1G2F9gc$%,donnaalvarez@example.net,34.25,135.31667,JP,Tokyo,Asia
alexander01,7QbW*)NT*a,brookemurray@example.org,46.1351,-60.1831,CA,Glace_Bay,America
alexwang,(atL7SPmUa,kathrynarellano@example.org,42.55308,-87.93341,US,Chicago,America
mtucker,w)j0RkudKu,jensenmike@example.com,20.21322,-100.88023,MX,Mexico_City,America
fstokes,@4oHmNl!uF,bharris@example.org,-33.88096,151.07986,AU,Sydney,Australia
darren34,3J3xZ9mca@,parkerscott@example.com,21.01858,-101.2591,MX,Mexico_City,America
courtneyhuff,^HeDN4Efia,dcooper@example.com,25.6439,77.9129,IN,Kolkata,Asia
danielle71,8YorZJuL@S,kim09@example.com,19.04222,-98.11889,MX,Mexico_City,America
trobinson,zWQcP($B!4,rwright@example.net,53.51684,-113.3187,CA,Edmonton,America
kellywright,yz7Xufhk2$,nnorris@example.org,53.51684,-113.3187,CA,Edmonton,America
jeffery05,O87Fu(JjF@,lauren82@example.net,17.06542,-96.72365,MX,Mexico_City,America
hernandezjonathan,3fTUgdqe+@,lortega@example.net,45.4473,-73.75335,CA,Toronto,America
danielmiller,^O6ZbRQjy*,brett72@example.com,53.51684,-113.3187,CA,Edmonton,America
ernestjones,+VlECDuw$8,anthony87@example.org,20.74122,-100.44843,MX,Mexico_City,America
michelle19,^kb1mYnso0,stephenknight@example.net,46.1351,-60.1831,CA,Glace_Bay,America
mpatterson,#7B*Qcy(JR,gatkins@example.org,20.21322,-100.88023,MX,Mexico_City,America
rodriguezjames,&^v1Rwt_z@,sharonwalsh@example.org,33.35283,-111.78903,US,Phoenix,America
johnmcgee,VX@7$#Mb^&,hannah15@example.com,8.35122,-62.64102,VE,Caracas,America
christina00,@dL!9TphBf,johnmcneil@example.com,41.66394,-83.55521,US,New_York,America
williamsjeffery,R^91LXt&Pd,bushjennifer@example.com,28.54944,-81.77285,US,New_York,America
deanrodriguez,jq3JOmei$m,tylerpetersen@example.com,-21.44345,-65.71875,BO,La_Paz,America
roger20,&edufSTeu9,uwilliams@example.org,-34.74785,-58.70072,AR,Argentina,America
anthonymckenzie,rws1RARz@*,shelly09@example.com,36.75965,137.36215,JP,Tokyo,Asia
smithangel,*7fumElck0,zchandler@example.com,43.86682,-79.2663,CA,Toronto,America
michaelpoole,##rGmo+yf6,karareilly@example.org,-33.59217,-70.6996,CL,Santiago,America
kenneth68,4+oU1kQpCm,butlertheresa@example.org,-34.88422,150.60036,AU,Sydney,Australia
joshuawatson,(7IUKDgXoV,usantos@example.net,46.1351,-60.1831,CA,Glace_Bay,America
webbjennifer,*wNJrRy$T0,hughestammy@example.com,17.06542,-96.72365,MX,Mexico_City,America
abryant,M#(3BWglxQ,farleytony@example.com,12.35275,121.06761,PH,Manila,Asia
wesley03,$CRfQsb6G5,ryandavid@example.net,45.4473,-73.75335,CA,Toronto,America
ethantucker,pqc!7T3j+Q,derekmendoza@example.org,11.00599,77.5609,IN,Kolkata,Asia
nprice,^KOfs$vha4,smithjohnathan@example.org,19.32889,-99.32556,MX,Mexico_City,America
nelsontammy,GgMdo6qd+4,mossjustin@example.net,23.5654,119.58627,TW,Taipei,Asia
kristinmercer,cu8KEy_b$),michellecampos@example.net,46.23899,-63.13414,CA,Halifax,America
amyhuff,3#6P4QMpp8,brianlopez@example.net,26.11527,86.59509,IN,Kolkata,Asia
anthonylopez,jlkTB0K^j),parkseric@example.net,-25.42778,-49.27306,BR,Sao_Paulo,America
andrewcastro,_BNz8mCkC4,gilmorekevin@example.com,40.65538,-74.38987,US,New_York,America
paula33,#m+9vOmoc9,ethomas@example.org,19.32889,-99.32556,MX,Mexico_City,America
timothyrichards,*p&oRxeIy7,jeffreyhall@example.net,-16.25,-69.08333,PE,Lima,America
stephanieestrada,!3xa2DsR+F,brett04@example.com,10.15031,-73.9614,CO,Bogota,America
danielbenton,%2O6)+Vvrd,jamiemurphy@example.org,-3.74912,-73.25383,PE,Lima,America
linda45,&1XmAWOA$@,jeremy83@example.net,-8.66667,-35.71667,BR,Recife,America
ryan77,)9NFgk#KID,sarah21@example.net,14.66,120.56528,PH,Manila,Asia
cummingsdavid,K2JP!5aK&9,daniel18@example.org,39.32011,-76.51552,US,New_York,America
alejandrojohnson,L$u1cIiAKW,nicoledalton@example.org,19.04222,-98.11889,MX,Mexico_City,America
smithrichard,$3KKAnX8UY,alyssa63@example.com,22.4711,88.1453,IN,Kolkata,Asia
kayla86,Ht7VS9ZSV_,ryan69@example.org,-33.59217,-70.6996,CL,Santiago,America
alexandramitchell,$0IhgufftY,vrodriguez@example.net,19.04222,-98.11889,MX,Mexico_City,America
matthew55,#z5gK8+c4*,allenmathew@example.net,49.88307,-119.48568,CA,Vancouver,America
rwalsh,C7OAGEU1#h,meredith27@example.com,-34.74785,-58.70072,AR,Argentina,America
joshua45,#G4gGdo6LV,wmitchell@example.net,-30.60106,-71.19901,CL,Santiago,America
harold09,KA2boM&of%,helen68@example.com,-32.45242,-71.23106,CL,Santiago,America
khayes,xs1KrDdu%i,eric76@example.org,-14.66463,-52.35558,BR,Cuiaba,America
erik12,AdtV0uWe@^,amber64@example.com,17.06542,-96.72365,MX,Mexico_City,America
sterry,@@JA0HzAm*,barbara76@example.org,21.28306,-89.66123,MX,Merida,America
elizabethmitchell,698*(2FeR@,jonathanthornton@example.org,37.71715,-122.40433,US,Los_Angeles,America
stephanie00,crDAPeYx!3,dharris@example.net,47.64995,-117.23991,US,Los_Angeles,America
fcarroll,Poc06Tq+I#,richardrichards@example.net,47.4943,-122.24092,US,Los_Angeles,America
rmiller,q9jzPYUs_q,pamelamanning@example.net,-30.60106,-71.19901,CL,Santiago,America
davidjames,P%@65JecXI,savagealexandra@example.net,-3.74912,-73.25383,PE,Lima,America
stephenbrooks,#b%JJtVj1p,anthony21@example.net,-36.9256,-73.02841,CL,Santiago,America
jacquelinecompton,^v#65Lg+n8,wproctor@example.org,46.23899,-63.13414,CA,Halifax,America
stewartmatthew,9nVveT3b_9,jennifergeorge@example.com,45.4473,-73.75335,CA,Toronto,America
wallmichelle,Nj9)MMBgN_,donna13@example.net,25.87972,-97.50417,MX,Matamoros,America
hahnkendra,CNK2h^N@$1,washingtoncarly@example.com,9.91861,-68.30472,VE,Caracas,America
livingstonchristian,@78hTdcQgn,brian06@example.com,19.32932,-98.1664,MX,Mexico_City,America
lknight,$m2n_Q1t4&,michaelwright@example.org,-37.32167,-59.13316,AR,Argentina,America
robynjohnson,%x85Sd2taO,cindyperkins@example.com,-21.44345,-65.71875,BO,La_Paz,America
megansolomon,tIyI7fx(#8,jonhunt@example.com,20.28527,-103.42897,MX,Mexico_City,America
maurice65,b6mZKxok(q,frankadams@example.net,-21.44345,-65.71875,BO,La_Paz,America
william02,Db7!nRt7^7,stevenlambert@example.com,-33.59217,-70.6996,CL,Santiago,America
paulrobinson,c1kZc302&R,vincenthill@example.org,20.74122,-100.44843,MX,Mexico_City,America
lyoung,bs0SkMjXQ^,kathleen88@example.org,49.88307,-119.48568,CA,Vancouver,America
clarkmichael,0wvpOzNi+9,mdeleon@example.net,-14.66463,-52.35558,BR,Cuiaba,America
paul45,C(98KepVo(,rodriguezthomas@example.com,45.43341,-73.86586,CA,Toronto,America
kristin26,_3RqTuzXPy,nicholas69@example.net,10.98778,-74.95472,CO,Bogota,America
garzalouis,004j*UwnY#,zrose@example.com,25.66795,85.83636,IN,Kolkata,Asia
scott56,N1E0(Yep*1,jeffreyrussell@example.net,43.86682,-79.2663,CA,Toronto,America
birdalyssa,@8#f8mDz%R,hutchinsoncharles@example.org,19.32932,-98.1664,MX,Mexico_City,America
joshuarandall,Hr8iFAN_s^,sjoyce@example.com,17.94979,-94.91386,MX,Mexico_City,America
kmorris,#0I3LokIK^,awalker@example.net,-14.66463,-52.35558,BR,Cuiaba,America
christina00,E3&jrQ@_)k,stephanie59@example.net,-0.71667,-48.52333,BR,Belem,America
kimmatthew,m(V7(^vr+6,zmclean@example.com,19.32889,-99.32556,MX,Mexico_City,America
harmoneric,#ejJEt#LJ7,harrislaura@example.com,28.15112,-82.46148,US,New_York,America
anthonycobb,1o95aDTFW),vazquezjason@example.net,42.52787,-70.92866,US,New_York,America
angelawright,*+7j)zHyUP,taylor46@example.net,20.21322,-100.88023,MX,Mexico_City,America
rosariotaylor,9nAUNGCn%3,kurtellis@example.com,23.5654,119.58627,TW,Taipei,Asia
michaelhunt,u9cB2rYD*B,ywilliams@example.net,17.06542,-96.72365,MX,Mexico_City,America
davidgrant,^ahQ8Ghw6&,cgill@example.net,20.74122,-100.44843,MX,Mexico_City,America
cathythomas,tU(ZBYmk$8,williamcook@example.com,-21.44345,-65.71875,BO,La_Paz,America
kwallace,kS%CFl6Q!6,dillonkaren@example.org,53.51684,-113.3187,CA,Edmonton,America
vincent67,^LSUDbsXE5,kendrastephens@example.org,17.06542,-96.72365,MX,Mexico_City,America
robertalexander,_!Tvrdhk42,clarkcarlos@example.org,36.61033,-88.31476,US,Chicago,America
richardlittle,k+8ZMHjvKg,stevennguyen@example.com,16.75973,-93.11308,MX,Mexico_City,America
nwhite,+wI7Xnvn8&,ocarroll@example.com,23.5654,119.58627,TW,Taipei,Asia
pwagner,!rJ8)5XhH5,bharrell@example.net,-31.4488,-60.93173,AR,Argentina,America
mcdanieljeremy,Ja8AHZ3et@,jeremy63@example.org,47.4943,-122.24092,US,Los_Angeles,America
mindylawrence,ohQe4ZhE$T,adam05@example.net,19.8173,-97.35992,MX,Mexico_City,America
wkirby,eT+7Zozpt),bryan23@example.net,23.5654,119.58627,TW,Taipei,Asia
mary93,6x1v%^Up*y,andersonlauren@example.com,16.455,120.5875,PH,Manila,Asia
jonesanthony,!$8K2vA#wv,randalldeborah@example.com,21.28306,-89.66123,MX,Merida,America
hwilliams,5!S25R!chs,cholland@example.net,33.76446,-117.79394,US,Los_Angeles,America
carlnavarro,*6pW!V4f&H,dhopkins@example.com,10.98778,-74.95472,CO,Bogota,America
geraldburke,&(lz4RIqDX,robynwalter@example.net,20.22816,-103.5687,MX,Mexico_City,America
bcochran,^2eMmBh!!x,michaeldaniels@example.com,53.51684,-113.3187,CA,Edmonton,America
jhutchinson,wVC93AhlW&,regina68@example.com,-3.74912,-73.25383,PE,Lima,America
justin91,7QZ0zAFy+c,denise90@example.net,21.01858,-101.2591,MX,Mexico_City,America
scottortiz,+4p&nJtyB0,hernandezmelissa@example.org,-4.42472,-41.45861,BR,Fortaleza,America
uhughes,e*c0RyP9*G,wbyrd@example.org,-19.72806,-50.19556,BR,Sao_Paulo,America
bbenson,z$1Um*fjRF,hcurry@example.net,-0.71667,-48.52333,BR,Belem,America
westgrant,+dA5o2Xfp1,bergjason@example.net,-30.60106,-71.19901,CL,Santiago,America
samanthadavis,f@@6RX#x__,heatherjennings@example.org,20.28527,-103.42897,MX,Mexico_City,America
jennifer59,(1uWV5heKI,rodriguezandrew@example.org,-21.44345,-65.71875,BO,La_Paz,America
nharding,k&$26P!d(j,janet59@example.org,-8.05389,-34.88111,BR,Recife,America
egray,&3H5hEabZS,perrygregory@example.net,21.01858,-101.2591,MX,Mexico_City,America
rhonda55,6F3lYsW6h#,samantha59@example.com,49.88307,-119.48568,CA,Vancouver,America
michaelwright,r_5vGF6z@z,wheelersherry@example.org,43.61062,-72.97261,US,New_York,America
caitlinanderson,^U01Cza8dR,patrickmurphy@example.org,33.08014,-83.2321,US,New_York,America
jerry42,&$Om5Er+8@,qtaylor@example.net,25.87972,-97.50417,MX,Matamoros,America
tcole,d7Do*K0W)2,michaelmoody@example.com,23.5654,119.58627,TW,Taipei,Asia
petersonkelly,@8@P^9Pa+s,bakerconnor@example.com,-11.94306,-76.70944,PE,Lima,America
westalexis,35jPOO1h#+,pfrederick@example.com,40.67705,-73.89125,US,New_York,America
vegadaniel,u9S1c)V(%C,robert22@example.org,-32.05251,115.88782,AU,Perth,Australia
kelsey34,R0v!1QIi*K,calvin31@example.org,-31.4488,-60.93173,AR,Argentina,America
cruzphilip,yv$P6Gkw%+,richard33@example.com,-15.21194,-75.11028,PE,Lima,America
gregory42,%jaZx)nKb3,henrybennett@example.org,37.65639,126.835,KR,Seoul,Asia
kentandre,89WW^e4Q!C,griffintimothy@example.net,-36.9256,-73.02841,CL,Santiago,America
xyoung,$R#1tuNr!),ramirezchristine@example.org,22.49396,-105.36369,MX,Mazatlan,America
heatherjohnson,4w2bHNrGA+,williamdiaz@example.com,20.74122,-100.44843,MX,Mexico_City,America
charlesguerrero,8*NED+wt*O,mmartin@example.com,16.75973,-93.11308,MX,Mexico_City,America
paulconway,@aR3Nym2Du,mortonsarah@example.org,21.28306,-89.66123,MX,Merida,America
ayersadrian,@QSmXNt%I9,fsandoval@example.net,-11.94306,-76.70944,PE,Lima,America
thomas04,!4JT*c2xhI,connorfrench@example.com,20.74122,-100.44843,MX,Mexico_City,America
zali,AiX%39Hc*c,nicholas19@example.org,17.94979,-94.91386,MX,Mexico_City,America
andersonmichael,1mA4XQNnY&,sadkins@example.net,45.40008,-73.58248,CA,Toronto,America
morrisgabriel,^a5vrKdaV&,gallowayjody@example.net,-15.21194,-75.11028,PE,Lima,America
uanderson,A*6P3rOo_9,wwilliams@example.net,47.80527,-122.24064,US,Los_Angeles,America
jill57,F8@50Yaar@,nicholas91@example.net,-14.66463,-52.35558,BR,Cuiaba,America
jonathan19,*H!YE7gg&#,williamsmarcus@example.org,-34.64167,-60.47389,AR,Argentina,America
ycastillo,5tI8bg!Y)b,steven81@example.com,-33.59217,-70.6996,CL,Santiago,America
xlopez,*#CYwjqo&2,williamsnathaniel@example.org,-22.97056,-46.99583,BR,Sao_Paulo,America
gcrawford,fORD@udf!3,ortegakayla@example.org,-32.45242,-71.23106,CL,Santiago,America
michaelstewart,^S3)Sbn+1O,stephanie53@example.com,20.21322,-100.88023,MX,Mexico_City,America
uroberts,)0u+7Xovfp,mollyholland@example.org,50.26729,-119.27337,CA,Vancouver,America
dianacruz,8@)g2Idnol,wperry@example.com,20.28527,-103.42897,MX,Mexico_City,America
pruiz,Q!A1J)keH!,xhill@example.net,19.64745,-102.04897,MX,Mexico_City,America
keithpeters,n4@j&8Sihh,haydensamantha@example.com,6.33444,124.95278,PH,Manila,Asia
freyalexandra,@9GJo%BA0),perezryan@example.net,10.98778,-74.95472,CO,Bogota,America
dawn79,@6u*UdjpdB,lisapineda@example.net,21.01858,-101.2591,MX,Mexico_City,America
shernandez,06UEig@I@w,levineantonio@example.org,8.79577,-75.69947,CO,Bogota,America
jacobscameron,@9JvHmDb3o,amygrant@example.net,20.28527,-103.42897,MX,Mexico_City,America
jacobwoods,I^a4XGXuu%,iking@example.org,41.54566,-71.29144,US,New_York,America
zhowell,#^v7HMHa4Y,williamweaver@example.net,-15.21194,-75.11028,PE,Lima,America
alicia10,*MZ(dybT%3,dixonkimberly@example.net,-21.44345,-65.71875,BO,La_Paz,America
charles75,@3FVoCZy+H,julie32@example.org,-27.4338,-65.61427,AR,Argentina,America
rpineda,h^Cr67I^Jj,barbara26@example.net,-10.91722,-37.65,BR,Maceio,America
kristiedavis,k*0HqmKpCV,harriskatherine@example.com,45.43341,-73.86586,CA,Toronto,America
ktaylor,myh+IWvV@8,jennifersantana@example.com,20.74122,-100.44843,MX,Mexico_City,America
bmills,@#Udsw)(%5,mstevenson@example.com,19.64745,-102.04897,MX,Mexico_City,America
samanthagordon,X_O3BIxgD&,ajohnson@example.org,43.86682,-79.2663,CA,Toronto,America
ellisjustin,^Fu7MpX24W,thomashodge@example.com,40.57788,-73.95958,US,New_York,America
troytaylor,6@8WsRPZ50,benjamin16@example.com,37.73604,-120.93549,US,Los_Angeles,America
jonesjenny,b(1J2lya_V,andrea42@example.com,20.21322,-100.88023,MX,Mexico_City,America
tgarcia,_NaHDYgc2v,christopher27@example.com,35.25064,-91.73625,US,Chicago,America
zgibson,_^U8eSP$P1,ellen47@example.com,35.05266,-78.87836,US,New_York,America
alexander12,6#12P9BWkz,zperkins@example.com,19.04222,-98.11889,MX,Mexico_City,America
garcialisa,*9P($lD#e3,daycarol@example.com,50.26729,-119.27337,CA,Vancouver,America
eduncan,^QLd)qcn_2,xhale@example.com,8.35122,-62.64102,VE,Caracas,America
austinanderson,o&6eT$As$M,anita09@example.com,20.74122,-100.44843,MX,Mexico_City,America
jacob58,&7WH_G2o%k,christine33@example.org,-36.9256,-73.02841,CL,Santiago,America
ingramchris,!*2Jm0YiXi,shawn01@example.org,40.56754,-89.64066,US,Chicago,America
delacruznicholas,n2IOazip&6,hickmantina@example.org,20.21322,-100.88023,MX,Mexico_City,America
gcarter,*R8lg@FvZV,narroyo@example.net,40.57788,-73.95958,US,New_York,America
leonbrian,NFS(V@Wq)0,luis85@example.com,53.51684,-113.3187,CA,Edmonton,America
scott83,FIaZ6Bzk_N,kristenbest@example.net,20.22816,-103.5687,MX,Mexico_City,America
christopher72,&P8Cg3QC)!,harpermark@example.com,20.74122,-100.44843,MX,Mexico_City,America
karenreeves,^Lxy8iJeuA,williamdavis@example.org,21.01858,-101.2591,MX,Mexico_City,America
pamelabaker,u2^ZkSUH^u,caitlyn96@example.org,-22.92306,-53.13722,BR,Sao_Paulo,America
jonesjodi,a@k0(k^t4O,monicarobinson@example.org,-36.9256,-73.02841,CL,Santiago,America
virginiamiller,#k7Dk06v9A,trevordelgado@example.org,30.5427,-97.54667,US,Chicago,America
nathan31,k%3F9zr84f,mmartinez@example.com,17.06542,-96.72365,MX,Mexico_City,America
cynthia99,O(7seNNxWf,othompson@example.org,36.53333,136.61667,JP,Tokyo,Asia
valeriewhite,by6W5xtn)&,andrew96@example.org,53.51684,-113.3187,CA,Edmonton,America
julie72,^sX3%Qaxu),robertturner@example.com,8.35122,-62.64102,VE,Caracas,America
ethan15,)zH4_0vx85,franklinanthony@example.org,34.75856,136.13108,JP,Tokyo,Asia
annehess,77PQ3Afk+T,brianramos@example.com,19.04222,-98.11889,MX,Mexico_City,America
deborah20,z9CHJYJw+2,douglasmontoya@example.org,-15.21194,-75.11028,PE,Lima,America
neallevi,8W%S)qS7*8,hunterpatricia@example.net,49.88307,-119.48568,CA,Vancouver,America
daniel60,6(Q6HJCf90,matthewmartinez@example.com,-15.21194,-75.11028,PE,Lima,America
lisa93,&J%eHxhp73,xclark@example.com,19.32932,-98.1664,MX,Mexico_City,America
bgarcia,_1rHfYeT8f,clarklinda@example.com,-23.7975,-48.59278,BR,Sao_Paulo,America
manningjose,@6MDsCJwJ9,shelbyparker@example.net,16.75973,-93.11308,MX,Mexico_City,America
pmontgomery,ny%E8#Lp8o,andrew52@example.com,49.88307,-119.48568,CA,Vancouver,America
jkelly,_O6F1UNyqi,shannonharmon@example.com,20.21322,-100.88023,MX,Mexico_City,America
echang,(0+CfRlrzF,cynthiadavis@example.net,-30.60106,-71.19901,CL,Santiago,America
simmonsjackson,J_6P2rKs@J,rnielsen@example.org,21.01858,-101.2591,MX,Mexico_City,America
charleswhite,g2o+Z$2j*G,robertyoder@example.org,-16.25,-69.08333,PE,Lima,America
ogarcia,6I6NMpab*J,wjohnson@example.net,-27.50578,153.10236,AU,Brisbane,Australia
jesse78,F9QSs5xB@5,jacob51@example.com,-33.59217,-70.6996,CL,Santiago,America
kimberly18,0M*SLNrI^(,katie98@example.net,8.35122,-62.64102,VE,Caracas,America
michellebrown,V1)Na3UmVh,dbeard@example.com,-11.94306,-76.70944,PE,Lima,America
grossdonna,7n*lxUr!(P,michael61@example.net,20.21322,-100.88023,MX,Mexico_City,America
sandracallahan,(^6Dnctkn+,catherine06@example.com,17.06542,-96.72365,MX,Mexico_City,America
erikmiller,jKL#3PkUK&,vreed@example.org,17.06542,-96.72365,MX,Mexico_City,America
ubrewer,$4v6nZkbXi,collinsshelia@example.org,45.40008,-73.58248,CA,Toronto,America
megandavis,FF(5NItCSw,carolinelee@example.net,50.26729,-119.27337,CA,Vancouver,America
hillricky,%g3Fgne!(#,travissarah@example.net,-21.44345,-65.71875,BO,La_Paz,America
ywang,(DcFdlga3p,patrickanderson@example.org,-34.64966,-58.38341,AR,Argentina,America
pking,_0If@NZan^,larrywells@example.org,19.8173,-97.35992,MX,Mexico_City,America
catherine51,%)9A1QpObl,melissa13@example.org,19.32889,-99.32556,MX,Mexico_City,America
christinetorres,$dJkzb@i!5,wilsonnathan@example.net,20.22816,-103.5687,MX,Mexico_City,America
felicia00,i7PEIi0b%t,aguilareric@example.com,23.5654,119.58627,TW,Taipei,Asia
thomasrojas,iRq2%C&mO%,bartonandrew@example.com,43.86682,-79.2663,CA,Toronto,America
sandraowens,^X4FtEyYp2,pwolfe@example.net,-21.41222,-42.19667,BR,Sao_Paulo,America
johnvaughn,!$7HIJz17T,jessica88@example.com,-8.76194,-63.90389,BR,Porto_Velho,America
carlosmoss,@4PnYj2V+f,qmiles@example.net,23.5654,119.58627,TW,Taipei,Asia
robertmiller,ytb42pIG7),nsilva@example.net,26.91756,-82.07842,US,New_York,America
osbornrandy,dl@0)Lqe&1,kayladavis@example.net,10.98778,-74.95472,CO,Bogota,America
vcarpenter,&1+WlUusiw,justinsolis@example.com,20.28527,-103.42897,MX,Mexico_City,America
gonzalezalexandra,)#!SbacKm6,kelly48@example.com,8.62261,-70.20749,VE,Caracas,America
qgraham,%6*5x+UzJT,briannajordan@example.net,19.32889,-99.32556,MX,Mexico_City,America
gregorymiller,!9VdIer9p8,jerry72@example.net,35.88264,-80.08199,US,New_York,America
reyeselizabeth,bxWZ13K2@4,joshuasimpson@example.org,45.40008,-73.58248,CA,Toronto,America
tbrandt,FUIc1hGW!9,morrisonkaren@example.com,19.04222,-98.11889,MX,Mexico_City,America
telliott,(6a@MAjjHU,mkelly@example.com,6.33444,124.95278,PH,Manila,Asia
romeroalan,1mSWrR@m)I,erickelly@example.net,20.21322,-100.88023,MX,Mexico_City,America
nrogers,+04Xj_6tqE,nstevenson@example.net,17.94979,-94.91386,MX,Mexico_City,America
cruzdavid,j)n1Zcklfa,oaguirre@example.org,43.61062,-72.97261,US,New_York,America
johnsonmichael,s9)a9%kx*G,lhuang@example.net,-54.8,-68.3,AR,Argentina,America
chapmanashley,HbF0rq+e)0,padillajessica@example.net,29.21399,78.95693,IN,Kolkata,Asia
yboyle,bKzYGulF^4,michaelwolfe@example.net,50.26729,-119.27337,CA,Vancouver,America
middletontodd,di6Pytno($,tyler90@example.org,20.28527,-103.42897,MX,Mexico_City,America
charles30,tzV4i&Wb)G,ellen86@example.net,19.04222,-98.11889,MX,Mexico_City,America
sgonzalez,QMI0J9jj$l,ybrown@example.com,22.49396,-105.36369,MX,Mazatlan,America
myerskristina,YRl2ORlq!h,tammy21@example.com,8.62261,-70.20749,VE,Caracas,America
keith17,s9QWlH7n*d,kimberlyharris@example.com,-33.75881,150.99292,AU,Sydney,Australia
kendra27,@8e#4Ye@CD,tmorris@example.net,-32.45242,-71.23106,CL,Santiago,America
lindasmith,zj+4Fb0k(9,jerrybrown@example.net,43.91452,-69.96533,US,New_York,America
qmcmillan,)PdN*k*kc7,timothy57@example.com,49.88307,-119.48568,CA,Vancouver,America
allen66,NV29V2Xz!t,suttonholly@example.net,22.49396,-105.36369,MX,Mazatlan,America
mbrown,%KZM9Ng@kA,jordanschmitt@example.net,-36.9256,-73.02841,CL,Santiago,America
aaron75,!8u8zsrGSU,jason45@example.net,6.46838,-73.26022,CO,Bogota,America
uhunt,43BT0Oej6#,davisderek@example.com,-31.4488,-60.93173,AR,Argentina,America
enelson,1n3n2Ufk#s,johngutierrez@example.org,36.6009,126.665,KR,Seoul,Asia
daniel84,#a0ZN@P(Y&,reidseth@example.com,45.4473,-73.75335,CA,Toronto,America
denise62,yXaO3OpTI$,andrew01@example.org,-33.59217,-70.6996,CL,Santiago,America
conniephillips,fld%l9Hqg!,bowmanashley@example.org,25.87498,86.59611,IN,Kolkata,Asia
pinedajordan,@HU6wbUlub,jerrywelch@example.com,45.40008,-73.58248,CA,Toronto,America
david52,wB66GkXO_8,austinellis@example.com,19.8173,-97.35992,MX,Mexico_City,America
fmartin,YQ1FHkke(%,karenwalters@example.net,-33.79176,151.08057,AU,Sydney,Australia
thomasmark,%8wBSklaeQ,leesarah@example.net,41.84364,-87.71255,US,Chicago,America
juliebarr,!CD%f01s_7,robert11@example.net,10.12268,77.54372,IN,Kolkata,Asia
taylor89,#^1LPnbIfu,tevans@example.net,21.01858,-101.2591,MX,Mexico_City,America
dbrown,pP0C+ejB*i,kjohnson@example.net,-37.32167,-59.13316,AR,Argentina,America
gjohnson,b&+62ICfeh,raymond83@example.org,20.22816,-103.5687,MX,Mexico_City,America
zdiaz,R0CMwqlY&5,wcollins@example.com,-34.74785,-58.70072,AR,Argentina,America
samanthabarnett,5XG7z$QD^J,williamsmith@example.org,53.51684,-113.3187,CA,Edmonton,America
jeffreyoconnor,o+7GSHBfG+,brightbenjamin@example.com,36.20829,-115.98391,US,Los_Angeles,America
smiththomas,)db3edHt*S,flynnjessica@example.net,-30.60106,-71.19901,CL,Santiago,America
carriepierce,0S1JDe_b*Y,carriehutchinson@example.net,10.13361,124.84472,PH,Manila,Asia
uwagner,tL8SnI_y*@,jack39@example.com,-15.21194,-75.11028,PE,Lima,America
jacob86,6Z1eGNlD)+,oliviaortiz@example.net,40.72371,-73.95097,US,New_York,America
rfrazier,)nV^uYjr%9,ruizashley@example.org,19.8173,-97.35992,MX,Mexico_City,America
emmapalmer,Rb6Zaghr6&,nicolebruce@example.com,22.49396,-105.36369,MX,Mazatlan,America
dwest,+3Bo#AdkW5,donaldphillips@example.com,10.31672,123.89071,PH,Manila,Asia
billy91,p!vP5JiM9_,martinashley@example.org,17.06542,-96.72365,MX,Mexico_City,America
barnesjason,j53uFIoD5%,petersholly@example.net,20.74122,-100.44843,MX,Mexico_City,America
myerswilliam,5C1RUdKs_L,christopher49@example.net,-36.9256,-73.02841,CL,Santiago,America
knunez,R_9uQDFxBS,rickjennings@example.org,45.4473,-73.75335,CA,Toronto,America
whiterobert,(%4bNfc#9a,feliciadyer@example.com,-21.42917,-45.94722,BR,Sao_Paulo,America
heatherolsen,%flUMn_%3H,rwatson@example.org,53.51684,-113.3187,CA,Edmonton,America
raymond37,Y8Vi1Wec!d,dtaylor@example.com,-20.25333,-43.80139,BR,Sao_Paulo,America
elizabethstevenson,$0SFsZa@*u,caitlin92@example.org,20.74122,-100.44843,MX,Mexico_City,America
michaelgreene,_lFj5O0Hd*,amanda61@example.net,25.87972,-97.50417,MX,Matamoros,America
padams,w^#o9LXWYd,andre58@example.com,23.5654,119.58627,TW,Taipei,Asia
cgonzalez,^63PD&Xc_),jason13@example.com,41.80753,-87.65644,US,Chicago,America
thomasgreen,t+X0AZgPIr,kimberlygarrison@example.com,22.49396,-105.36369,MX,Mazatlan,America
haydenanthony,#26&J0nTAE,asteele@example.net,38.06084,-97.92977,US,Chicago,America
greenekelly,$As*Zmx9#2,fcastillo@example.net,20.22816,-103.5687,MX,Mexico_City,America
ramirezscott,+m3Aaupnmt,michaelkemp@example.net,20.74122,-100.44843,MX,Mexico_City,America
carolgreene,i$!8UYz%@f,madison98@example.org,19.8173,-97.35992,MX,Mexico_City,America
lisa70,)n6iJcal8h,wilsontroy@example.org,36,139.55722,JP,Tokyo,Asia
uclements,&7Muu*SYO*,keithchad@example.com,50.26729,-119.27337,CA,Vancouver,America
uaguirre,(39Gi3u!bu,fletcherkelly@example.com,20.28527,-103.42897,MX,Mexico_City,America
webbkimberly,fqH_*@$g)9,pacekimberly@example.com,10.98778,-74.95472,CO,Bogota,America
jasmine05,z&7_K6SUMe,hernandeztyler@example.org,25.87972,-97.50417,MX,Matamoros,America
youngryan,*bZWw@3n0d,masonwalker@example.org,19.64745,-102.04897,MX,Mexico_City,America
seth56,*iNIb*)J&5,barnettkaren@example.net,35.25064,-91.73625,US,Chicago,America
cindysharp,lZt1nQTcq#,lwright@example.net,34.8825,128.62667,KR,Seoul,Asia
jgray,^5hDZ(hC_s,bellteresa@example.com,16.75973,-93.11308,MX,Mexico_City,America
joseph20,5vDqEwka&%,websterjeff@example.com,8.62261,-70.20749,VE,Caracas,America
burgessstephanie,W5&R0A9mZ(,stewartpaula@example.net,20.74122,-100.44843,MX,Mexico_City,America
campbelljames,s2f09BTjB*,qallen@example.net,-54.8,-68.3,AR,Argentina,America
valeriebrady,^CNbYYms8W,hbarajas@example.com,-54.8,-68.3,AR,Argentina,America
spencercassandra,@4q@87Ia!Y,acrawford@example.net,45.43341,-73.86586,CA,Toronto,America
sara55,)V(@+Rws2G,ujohnson@example.net,28.98002,77.70636,IN,Kolkata,Asia
kevin60,8i4CWZqe!!,jbaldwin@example.net,33.95015,-118.03917,US,Los_Angeles,America
raymondbryan,rz04Hnfn&W,bnguyen@example.net,-23.44361,-51.87389,BR,Sao_Paulo,America
hannahfischer,*gK_Wd0g25,spencerjulie@example.net,-22.92306,-53.13722,BR,Sao_Paulo,America
xstephens,jJ$iP7Qcfm,hpham@example.org,45.43341,-73.86586,CA,Toronto,America
smithwilliam,5(1VbBXTq#,lyonsheather@example.net,-16.25,-69.08333,PE,Lima,America
ekelly,*5Bj(eqc!v,erin43@example.org,-28.81833,-52.51028,BR,Sao_Paulo,America
lisa34,Ddr)(6Tw9n,barberjennifer@example.net,17.06542,-96.72365,MX,Mexico_City,America
taylor18,RW5XI)f@R@,eric98@example.com,22.49396,-105.36369,MX,Mazatlan,America
haysdana,$#^8Ndd8La,sanderswilliam@example.com,10.31672,123.89071,PH,Manila,Asia
sandyjones,@4JOHa8)tb,gtucker@example.com,-19.7625,-44.31389,BR,Sao_Paulo,America
james11,@7&LVPPeVm,shawndean@example.com,25.87498,86.59611,IN,Kolkata,Asia
ronaldrobertson,Z19SEzhc#l,nicholas26@example.com,9.6531,124.3697,PH,Manila,Asia
bradleyward,B+rfX0Ip1O,garcialauren@example.org,-21.42917,-45.94722,BR,Sao_Paulo,America
richardlewis,47!x0GaE$b,gilbertamy@example.com,6.46838,-73.26022,CO,Bogota,America
davidjones,_xU3Osf&a%,donna39@example.net,39.08367,-84.50855,US,New_York,America
iruiz,&%5MwnHgN1,john27@example.com,-34.74785,-58.70072,AR,Argentina,America
madison04,ZT2HCnqK+(,lmorse@example.org,16.75973,-93.11308,MX,Mexico_City,America
dlopez,9aB8xH#u*Z,robertssuzanne@example.net,-34.28853,146.05093,AU,Sydney,Australia
hernandezalyssa,+L9AfgupX+,zkirk@example.net,41.47892,-87.45476,US,Chicago,America
dixonvincent,@L_O)dhV@3,edward42@example.com,19.04222,-98.11889,MX,Mexico_City,America
bpalmer,^2VBts8U_6,chelsea52@example.org,23.5654,119.58627,TW,Taipei,Asia
parkeremily,(*j87ATlY+,william37@example.org,-34.28853,146.05093,AU,Sydney,Australia
jonesbryan,&&t8ZhqnUl,floresbrad@example.com,42.8334,-80.38297,CA,Toronto,America
jbarton,)MnrdvweH4,briannaconner@example.net,6.46838,-73.26022,CO,Bogota,America
rebecca23,XR7DklRzu!,cparks@example.com,-17.74431,-48.62789,BR,Sao_Paulo,America
anthonysarah,AF%u36BtU%,tranluke@example.com,36,139.55722,JP,Tokyo,Asia
reedbrian,#7k4Y4daQb,mariah05@example.org,19.8173,-97.35992,MX,Mexico_City,America
garrettdavid,^9GtV#^r2e,gsmith@example.com,22.49396,-105.36369,MX,Mazatlan,America
omiller,qqA0UpwFN*,bill15@example.com,3.8801,-77.03116,CO,Bogota,America
frankschaefer,c1Bm4QR2$8,hrose@example.com,-15.675,-38.94722,BR,Bahia,America
landryyvonne,z^Ur1Ndmb#,johnsondavid@example.org,19.32889,-99.32556,MX,Mexico_City,America
pamela89,^_5IzQHQ*d,moonscott@example.com,4.73245,-74.26419,CO,Bogota,America
haley06,7*RTD4Rm@d,atkinsondavid@example.net,34.81667,137.4,JP,Tokyo,Asia
lgallegos,iAUth80*&3,johnsonjessica@example.org,-3.74912,-73.25383,PE,Lima,America
alexanderbrad,$%Gq47Wm05,markjoseph@example.com,-34.74785,-58.70072,AR,Argentina,America
cynthia07,$iv&rQIb*8,cindytate@example.org,-28.81833,-52.51028,BR,Sao_Paulo,America
xhall,p%4&Wq+(b&,kennethmason@example.org,9.91861,-68.30472,VE,Caracas,America
manntonya,#JLs0M#Z2b,millersteve@example.net,-34.64167,-60.47389,AR,Argentina,America
elliottronald,22SUXLeE+j,edwardscraig@example.net,39.33427,-76.43941,US,New_York,America
grant50,)51NirUw9+,michaelrussell@example.org,35,136.51667,JP,Tokyo,Asia
caseychad,M%4*Ap^e(4,shirleyvazquez@example.com,-22.57306,-47.1725,BR,Sao_Paulo,America
coxangela,vv+YBIoM(7,stephenbutler@example.net,28.15112,-82.46148,US,New_York,America
alexandra30,3k2W4kJT%c,elevine@example.com,8.35122,-62.64102,VE,Caracas,America
melindashields,iNe4Q$nV@$,mgraves@example.net,-10.95817,-38.79084,BR,Bahia,America
carolyncarr,CRGVC@&x(2,ryanharper@example.net,19.32932,-98.1664,MX,Mexico_City,America
cmarquez,CU1Wy&lg$q,perezstephen@example.org,-30.60106,-71.19901,CL,Santiago,America
courtney80,i1z2XEhyc_,angelica98@example.net,46.1351,-60.1831,CA,Glace_Bay,America
harrymartinez,iybS9PHn7^,angela69@example.com,-34.64966,-58.38341,AR,Argentina,America
janetfletcher,B%O8zQRv*@,ccollins@example.org,-33.59217,-70.6996,CL,Santiago,America
david40,%qR20wNnRD,jessica10@example.com,-0.71667,-48.52333,BR,Belem,America
aaron49,_)WQRZo(59,belljason@example.net,-30.60106,-71.19901,CL,Santiago,America
richardlewis,!y67U+UiCW,crystalberry@example.net,19.64745,-102.04897,MX,Mexico_City,America
mpeters,r*9VsSNgBu,lisabush@example.com,10.22677,-67.33122,VE,Caracas,America
lhaas,IODY1Pl$!+,dustin77@example.com,21.28306,-89.66123,MX,Merida,America
ashley58,Pvq6Z5CEt#,mferguson@example.com,20.28527,-103.42897,MX,Mexico_City,America
fitzpatrickkathryn,+qUpW&9TK6,kevindavis@example.com,-21.44345,-65.71875,BO,La_Paz,America
john96,dUm*DRd^_6,taylorchristine@example.net,19.32932,-98.1664,MX,Mexico_City,America
conniesims,q@5QJw*8^4,matthew92@example.org,22.49396,-105.36369,MX,Mazatlan,America
stephanie65,ipRPMGye@7,mccartyjohn@example.net,20.22816,-103.5687,MX,Mexico_City,America
alexanderboyd,!9UVQde0+),zacharylove@example.org,20.21322,-100.88023,MX,Mexico_City,America
harristravis,W#1V8XrXXE,williehines@example.net,10.22677,-67.33122,VE,Caracas,America
edwardphillips,t5dUvw9L(&,davismicheal@example.com,-21.44345,-65.71875,BO,La_Paz,America
ndouglas,gHBAaPwG+8,skelly@example.org,19.04222,-98.11889,MX,Mexico_City,America
jeffrey55,09L*7H8pU8,phillipsanthony@example.net,4.73245,-74.26419,CO,Bogota,America
orogers,0fBmcbRg&d,holly15@example.com,25.67927,-80.31727,US,New_York,America
mccarthystephen,$gHXolhFL5,stephen64@example.org,34.09611,-118.10583,US,Los_Angeles,America
adamsjeffrey,#BEOuI$85T,angeladixon@example.org,45.40008,-73.58248,CA,Toronto,America
timothysmith,(s#atcHZz0,kimberlyjohnson@example.net,16.75973,-93.11308,MX,Mexico_City,America
teresahill,5VLO&$hj)T,gregory16@example.com,8.56697,123.33471,PH,Manila,Asia
grimeskevin,@$f)TjZe3Q,theresa74@example.net,45.44868,-73.81669,CA,Toronto,America
fday,7df_0Xbta5,brownmatthew@example.org,20.28527,-103.42897,MX,Mexico_City,America
fcrawford,)0kJvjef+y,barrysmith@example.com,-21.44345,-65.71875,BO,La_Paz,America
lconway,10$*NuC!(S,alex78@example.com,-8.66667,-35.71667,BR,Recife,America
jasmin57,!1NNyx6Uaq,james84@example.org,-4.16694,-40.7475,BR,Fortaleza,America
francisco27,+9nUweIs)x,lisajohnson@example.com,6.46838,-73.26022,CO,Bogota,America
thomas20,^zS@5tGafR,crawfordsarah@example.org,-11.48472,-37.93278,BR,Bahia,America
warrenmargaret,+7YD8Mj6rR,ibarrawilliam@example.org,45.4473,-73.75335,CA,Toronto,America
darren39,#i6kC(kvPq,marvin99@example.com,50.26729,-119.27337,CA,Vancouver,America
hunter05,)w4oJtd!7Q,ikeller@example.net,25.87972,-97.50417,MX,Matamoros,America
umahoney,vU*PE5Ph#u,jordanjacob@example.com,20.74122,-100.44843,MX,Mexico_City,America
iaguilar,G*2zTKRDcy,schneiderjoshua@example.com,-36.9256,-73.02841,CL,Santiago,America
cwolfe,*204ZLHwER,brownjoel@example.net,45.4473,-73.75335,CA,Toronto,America
shawnmoreno,&fv0CmfVya,kaylamitchell@example.com,45.43341,-73.86586,CA,Toronto,America
tamaralawrence,rx+7DPxajW,alexanderroman@example.org,-15.21194,-75.11028,PE,Lima,America
janderson,X1lnTGGyj!,johnstonnicole@example.net,49.88307,-119.48568,CA,Vancouver,America
rsanchez,x(MG3CIz1*,smartinez@example.org,19.8173,-97.35992,MX,Mexico_City,America
robertsonnathan,!6376XdEyv,byrdrichard@example.com,23.1959,86.51499,IN,Kolkata,Asia
alexandergibbs,m!stq5rsKW,yvonne89@example.net,41.84364,-87.71255,US,Chicago,America
amy57,ZQKRL+Hy(0,curtis37@example.org,38.54491,-121.74052,US,Los_Angeles,America
kellycoffey,0TBCf5k!)v,jessicaflynn@example.org,20.22816,-103.5687,MX,Mexico_City,America
floresbrittany,a6CjFnXa@6,mendozamary@example.net,17.06542,-96.72365,MX,Mexico_City,America
anthonydavis,_1T+rrEc#5,jason56@example.org,42.8334,-80.38297,CA,Toronto,America
whutchinson,2hY6TtQn!),john50@example.net,21.28306,-89.66123,MX,Merida,America
howardjuan,e7y0MTfr#T,brucemitchell@example.net,23.5654,119.58627,TW,Taipei,Asia
hroberson,+vo9TJBz8B,ericpatel@example.net,19.64745,-102.04897,MX,Mexico_City,America
mrivera,o0HHmC*^!J,amber01@example.org,-27.50578,153.10236,AU,Brisbane,Australia
dillonchristine,3KBTpNhg)7,paula99@example.com,-30.60106,-71.19901,CL,Santiago,America
jacqueline37,*ccipWUPa0,kristamurphy@example.org,-27.4338,-65.61427,AR,Argentina,America
ryan45,#0SWw+)e!G,nealstephanie@example.net,34.09611,-118.10583,US,Los_Angeles,America
michael88,YQ*Kd3Rq!q,ashleymoore@example.net,41.24255,-82.61573,US,New_York,America
xcook,DX3GXzhI1&,david77@example.net,21.28306,-89.66123,MX,Merida,America
steinjanet,62Fz)V9B&M,brandongill@example.com,33.93113,-117.54866,US,Los_Angeles,America
gabriellemartinez,1F*R#TTD&u,vanessacoleman@example.net,43.86682,-79.2663,CA,Toronto,America
jamesjohnson,19smLz(f#h,christine28@example.com,20.28527,-103.42897,MX,Mexico_City,America
meadowsjeffrey,WS^4JtG+78,brianna17@example.org,49.88307,-119.48568,CA,Vancouver,America
jhubbard,h2$sfLRr+B,dianaweber@example.org,10.20898,123.758,PH,Manila,Asia
johnsonrebecca,z6MWx+P%%&,brownjoseph@example.org,-36.9256,-73.02841,CL,Santiago,America
denisewebb,$CgXk5st23,julie39@example.net,19.32932,-98.1664,MX,Mexico_City,America
tina67,5Q0r!Ux0R!,yholloway@example.org,17.94979,-94.91386,MX,Mexico_City,America
jwalker,!x%$T^L@(9,samuelmarquez@example.net,38.58894,-89.99038,US,Chicago,America
jeffersonrandy,6r5kQ9Bm@^,jean24@example.com,3.8801,-77.03116,CO,Bogota,America
amy37,14DhBGAL%y,hjackson@example.com,-21.44345,-65.71875,BO,La_Paz,America
twyatt,+J3yBiT880,alexanderstevens@example.org,40.60538,-73.75513,US,New_York,America
abullock,0)J)i9Un0I,mackmark@example.org,25.87972,-97.50417,MX,Matamoros,America
dlee,w6U$nGTi^C,longchristopher@example.com,20.28527,-103.42897,MX,Mexico_City,America
amandaanderson,$L57qCWoq0,martinjoseph@example.com,-21.44345,-65.71875,BO,La_Paz,America
jaybrown,e^U35Jsy$6,ymckee@example.org,25.67927,-80.31727,US,New_York,America
tinajohnson,@1L2_^sp$j,psanchez@example.net,-34.64167,-60.47389,AR,Argentina,America
sporter,8q29dT%k+e,rdelacruz@example.org,20.21322,-100.88023,MX,Mexico_City,America
ygordon,tg1YV2Jy(^,johnsonrobert@example.org,17.94979,-94.91386,MX,Mexico_City,America
aramirez,&hLi2YBu)k,michael74@example.net,33.4425,129.96972,JP,Tokyo,Asia
timothyhernandez,1#J8Tx^d%A,jasonmurphy@example.org,23.5654,119.58627,TW,Taipei,Asia
hursttammy,M@8wXddaj8,julie61@example.org,37.71715,-122.40433,US,Los_Angeles,America
lmiller,pUBCzmRs(7,jessica34@example.com,20.28527,-103.42897,MX,Mexico_City,America
fhatfield,h8h(@mdw^G,jensenthomas@example.net,34.09668,-117.71978,US,Los_Angeles,America
lcook,@mwvYuHKe5,christian80@example.org,19.32932,-98.1664,MX,Mexico_City,America
rebeccatorres,B0Mbw$_x&*,chapmanjennifer@example.org,19.32889,-99.32556,MX,Mexico_City,America
ahuynh,8$O*E2+k0T,larry42@example.net,-33.75881,150.99292,AU,Sydney,Australia
ijohnson,L!8NP_dPqg,nicoleday@example.com,8.35122,-62.64102,VE,Caracas,America
timothy48,d$f1FdPhA@,cynthia08@example.com,10.22677,-67.33122,VE,Caracas,America
michael45,1grTAuO(&V,jameswright@example.org,19.32932,-98.1664,MX,Mexico_City,America
scottmatthew,(C0V&tKw3_,jessicathornton@example.net,20.21322,-100.88023,MX,Mexico_City,America
dorothygrant,q(c33R0o^v,sampsonjohn@example.org,-36.9256,-73.02841,CL,Santiago,America
uwood,FY3Cm!SV+U,dylan73@example.net,36,139.55722,JP,Tokyo,Asia
brandon88,%8z&2NsgsX,david30@example.com,-54.8,-68.3,AR,Argentina,America
harrisandrea,URYM4cI(%3,ronaldmoore@example.org,27.9247,78.40102,IN,Kolkata,Asia
mfrey,!J&sxukg7B,norma52@example.com,43.86682,-79.2663,CA,Toronto,America
davisemily,pN5EKWtxM(,petersoneugene@example.org,45.44868,-73.81669,CA,Toronto,America
tonyachen,*TAwy3ZySH,warrenkaren@example.com,-37.9,145.18333,AU,Melbourne,Australia
jeremycox,*)e9TQ0nTM,vasquezmary@example.org,-33.59217,-70.6996,CL,Santiago,America
samanthaespinoza,B7fT3Jmy*V,rreeves@example.org,45.4473,-73.75335,CA,Toronto,America
vfoster,(0AMv0hMg7,patrickduncan@example.net,21.28306,-89.66123,MX,Merida,America
millerkevin,5+2iGD@v1$,diazkelsey@example.net,46.23899,-63.13414,CA,Halifax,America
jennifer13,@@YEsTJqY4,michaelwhite@example.com,-8.76194,-63.90389,BR,Porto_Velho,America
jimmy53,!7#Q$id7Cq,jessicawilliams@example.org,6.33444,124.95278,PH,Manila,Asia
dawn31,#b1U&lOrK#,zalexander@example.net,40.24537,-75.64963,US,New_York,America
grobinson,G5nzFZRc+a,nelsontimothy@example.net,17.94979,-94.91386,MX,Mexico_City,America
bfrost,5cp#0ZdxW0,rsharp@example.org,41.15376,-87.88754,US,Chicago,America
brian91,@OL5WWDy_a,gmolina@example.org,-17.74431,-48.62789,BR,Sao_Paulo,America
lcortez,t3dgjX^T@O,robert92@example.org,12.95629,78.27539,IN,Kolkata,Asia
wilkersonshaun,md85UNki)q,maria15@example.org,8.62261,-70.20749,VE,Caracas,America
gdecker,3UB(1SpiPi,irodriguez@example.com,12.35275,121.06761,PH,Manila,Asia
williamnelson,%IW1&Rjij#,watsonrodney@example.net,20.74122,-100.44843,MX,Mexico_City,America
qmartin,+7TygF#6yy,andreamack@example.org,16.75973,-93.11308,MX,Mexico_City,America
robinsonclifford,Y@j7J7XbzH,glenn49@example.org,19.32889,-99.32556,MX,Mexico_City,America
robinsonclifford,Dd*94Uz8db,atkinsbriana@example.com,33.50921,-111.89903,US,Phoenix,America
jhorn,!5D61FVy(1,cassandraharrison@example.net,-21.44345,-65.71875,BO,La_Paz,America
amoore,16A1)lKw^S,garciaaaron@example.com,-21.44345,-65.71875,BO,La_Paz,America
mariemitchell,$h6TOArUTc,cortezmia@example.net,33.35283,-111.78903,US,Phoenix,America
judy48,+f2!VEiGXo,lcarter@example.net,-32.45242,-71.23106,CL,Santiago,America
kevin09,Y4D3$(Fy@j,aprilpayne@example.org,19.32932,-98.1664,MX,Mexico_City,America
josephburton,q^8Ruh5sYM,jessica46@example.net,-32.45242,-71.23106,CL,Santiago,America
matthew18,&GDS%tPu04,james90@example.org,-30.60106,-71.19901,CL,Santiago,America
millerteresa,&6UuVnCU@1,shawanthony@example.net,50.26729,-119.27337,CA,Vancouver,America
whill,AO8Hqrb8L*,alison37@example.net,16.75973,-93.11308,MX,Mexico_City,America
millerchristopher,usvL5A0&(*,josephperez@example.net,33.50921,-111.89903,US,Phoenix,America
james24,ET2Qsr2(l@,taylorjason@example.net,4.73245,-74.26419,CO,Bogota,America
efreeman,^n(VGKyyL1,gregorymoore@example.net,-22.57306,-47.1725,BR,Sao_Paulo,America
salazarnathan,5uE5fIkj@E,florescarl@example.org,-30.60106,-71.19901,CL,Santiago,America
hesterbrandi,16qz6Ryz!_,john30@example.org,37.65639,126.835,KR,Seoul,Asia
kleinashley,(4bdYXuo4Q,ghughes@example.com,20.28527,-103.42897,MX,Mexico_City,America
nelsonclarence,w4#l5CLd(b,janetfigueroa@example.org,20.74122,-100.44843,MX,Mexico_City,America
ajohnson,jk2pV@Nm2!,joann27@example.org,8.35122,-62.64102,VE,Caracas,America
claudiaperry,hf5VPS+Wo),icarpenter@example.org,53.51684,-113.3187,CA,Edmonton,America
ryan45,#I+t7DlY09,yorklori@example.org,-3.74912,-73.25383,PE,Lima,America
amberjohnson,4&^8Gp7J79,rcobb@example.com,3.8801,-77.03116,CO,Bogota,America
pruiz,$Z6JtYsh&z,peterthompson@example.com,23.5654,119.58627,TW,Taipei,Asia
bonnieescobar,$dHVjk!GE9,kaitlyn21@example.com,5.20856,-74.73584,CO,Bogota,America
johnnyevans,+!8Mjp#2e*,snyderrobin@example.org,46.1351,-60.1831,CA,Glace_Bay,America
perezcaleb,E4Lufzh%#3,jamesreginald@example.com,33.41012,-91.06177,US,Chicago,America
chambersamanda,S5Txy5kn#K,petersonkathleen@example.com,36.6009,126.665,KR,Seoul,Asia
randy61,0GeU(RMs%1,bconway@example.org,-8.28333,-35.03333,BR,Recife,America
jessica49,Sl3AYxyde),davisdouglas@example.net,45.43341,-73.86586,CA,Toronto,America
elizabethhubbard,!UHsQQ$xX3,phillipscrystal@example.net,19.32932,-98.1664,MX,Mexico_City,America
branchjillian,&2Vo8Gq*SI,robert24@example.net,-4.42472,-41.45861,BR,Fortaleza,America
phillipswilliam,E2ckBoLx*p,aaronsmith@example.net,-21.44345,-65.71875,BO,La_Paz,America
erogers,p06OcCui++,brianstephens@example.net,-30.60106,-71.19901,CL,Santiago,America
amy96,)mDs4Do9)^,lawrencecharles@example.org,20.21322,-100.88023,MX,Mexico_City,America
michael43,(CI$4ZxY^i,howardsamantha@example.com,22.49396,-105.36369,MX,Mazatlan,America
anthony55,c6sJWPqP@p,jenniferprice@example.org,-31.25033,-61.4867,AR,Argentina,America
thomashughes,rh9f#BFk++,watkinssteven@example.org,49.88307,-119.48568,CA,Vancouver,America
hlopez,fQ5Ls^Lm+k,anthonycastro@example.net,20.74122,-100.44843,MX,Mexico_City,America
hoffmantracey,Ih025bD3G!,egonzalez@example.net,17.06542,-96.72365,MX,Mexico_City,America
joannaguilar,V6Ane6Qq^(,wigginsemma@example.net,-15.21194,-75.11028,PE,Lima,America
sarahpena,E7Ey)4TuSd,kevinrowland@example.net,19.04222,-98.11889,MX,Mexico_City,America
chandlermichael,yK2Xat&n*4,danielmoyer@example.org,6.46838,-73.26022,CO,Bogota,America
laurie23,_uxP4QZq@j,tbranch@example.org,21.28306,-89.66123,MX,Merida,America
harrisjennifer,xP2Bu^LsX),rosetaylor@example.com,3.8801,-77.03116,CO,Bogota,America
kelly26,k86LFwUu$T,madelinekim@example.net,19.32889,-99.32556,MX,Mexico_City,America
fergusoncheryl,_43MP1eozt,watsonryan@example.org,-21.44345,-65.71875,BO,La_Paz,America
andrew34,*85XcMZs)F,xparker@example.net,45.4473,-73.75335,CA,Toronto,America
lindaaustin,$_j59qZzs4,donald45@example.com,8.79577,-75.69947,CO,Bogota,America
melissagreen,p#84T2f5rq,xrussell@example.org,33.03699,-117.29198,US,Los_Angeles,America
christine42,vD++0Yfr6J,summerslinda@example.org,40.81,-73.9625,US,New_York,America
christybaxter,&3FF8c5a8r,robert64@example.com,12.37169,123.62494,PH,Manila,Asia
fdennis,Fmq7bK36(&,ryanjohnston@example.org,22.49396,-105.36369,MX,Mazatlan,America
lisa43,(vR5Ub))g3,nicole53@example.com,20.22816,-103.5687,MX,Mexico_City,America
carrie85,_L4OGxJQyS,mariapearson@example.com,7.83389,-72.47417,CO,Bogota,America
valerie88,*3hNBOBUBg,umorris@example.org,9.6531,124.3697,PH,Manila,Asia
vchurch,ww9C^dQs!v,bateschristina@example.net,19.32932,-98.1664,MX,Mexico_City,America
tlewis,8Hno#9jj^c,robertgoodman@example.org,-31.25033,-61.4867,AR,Argentina,America
john75,^r4JrjFM*_,lopezaaron@example.net,-11.94306,-76.70944,PE,Lima,America
zcarroll,^44Db85gAx,donaldstewart@example.org,21.28306,-89.66123,MX,Merida,America
laurahatfield,2d2CeVw$^u,elizabethsanders@example.org,33.95015,-118.03917,US,Los_Angeles,America
brownshari,V0WY8Fas&y,gstevens@example.org,27.09978,-82.45426,US,New_York,America
brian55,74iB%XoT@4,dawn46@example.net,16.75973,-93.11308,MX,Mexico_City,America
rodriguezjames,y2@u7aXG&U,lwolf@example.net,42.8334,-80.38297,CA,Toronto,America
stricklandgerald,%9I$DdQj@k,shelia46@example.com,30.21121,74.4818,IN,Kolkata,Asia
wsalinas,f!I#8xUaPD,steeledonna@example.org,34.75856,136.13108,JP,Tokyo,Asia
kbrown,e78MM4zt%r,michelle29@example.org,21.01858,-101.2591,MX,Mexico_City,America
robert04,a!0CIppiYH,curtisteresa@example.org,-11.48472,-37.93278,BR,Bahia,America
sophia37,u3qYeOCm@m,troberson@example.com,19.64745,-102.04897,MX,Mexico_City,America
akaiser,pJ_0ONoa)),nclark@example.net,-32.05251,115.88782,AU,Perth,Australia
sjames,1x4U_A7b1),bonnie54@example.net,30.21121,74.4818,IN,Kolkata,Asia
barrybrittany,QX)2I$r5bx,angela62@example.com,36.53333,136.61667,JP,Tokyo,Asia
chelsea47,2aTlQdX4*1,christopher79@example.org,25.87972,-97.50417,MX,Matamoros,America
cpotts,dX6BqZ8t^v,clifford36@example.org,28.71271,77.656,IN,Kolkata,Asia
dana37,Q(K4AQXf5f,lisa76@example.org,21.01858,-101.2591,MX,Mexico_City,America
yoderjohn,#8Axgn0A_k,angela42@example.org,36.82167,128.63083,KR,Seoul,Asia
youngzachary,%O5QROzTyd,jacquelinejones@example.net,39.71734,-74.96933,US,New_York,America
dianegoodwin,%NGf(mTyu9,alyssaanderson@example.com,-3.74912,-73.25383,PE,Lima,America
justinbarker,#8eKLloGt5,cameronwilliamson@example.net,25.87972,-97.50417,MX,Matamoros,America
johnsonnicholas,52Lb8WIj$L,thomasglover@example.net,21.28306,-89.66123,MX,Merida,America
hsmith,(_RGNOPo@7,gyoung@example.net,17.06542,-96.72365,MX,Mexico_City,America
isabellamartinez,&5yL6CSdPl,joseph99@example.com,19.64745,-102.04897,MX,Mexico_City,America
taylorcarter,^@3UzOTf*U,carl04@example.org,9.3337,122.8637,PH,Manila,Asia
adriansanchez,^0rk0Q^gsY,cynthiawood@example.org,-33.79176,151.08057,AU,Sydney,Australia
smalldarren,d_1RfEnZ)4,stacy89@example.com,10.15031,-73.9614,CO,Bogota,America
edwardschmidt,fx1t87HqR(,theresa05@example.net,20.74122,-100.44843,MX,Mexico_City,America
sarah25,+NHJrZPc)1,kdalton@example.org,28.98002,77.70636,IN,Kolkata,Asia
kaitlynwiggins,@Brgu0Gh3#,iburton@example.net,39.57582,-105.11221,US,Denver,America
monroeshannon,*7NWwurT#k,mitchellkim@example.net,23.5654,119.58627,TW,Taipei,Asia
adam29,+9SlhI6B2c,gyoung@example.org,8.35122,-62.64102,VE,Caracas,America
jacksoneric,@&0UrAcxZ*,robert88@example.com,20.22816,-103.5687,MX,Mexico_City,America
erin72,_)ZFyxEcr9,graydebbie@example.net,5.6561,-75.87877,CO,Bogota,America
craigmora,hy2OvEeb+%,jennifer94@example.org,17.06542,-96.72365,MX,Mexico_City,America
austinstephens,86BJPgKy_F,stevenscindy@example.net,-30.60106,-71.19901,CL,Santiago,America
burkechristopher,j&%2RvjlGH,pbarr@example.org,16.75973,-93.11308,MX,Mexico_City,America
kimberlyalvarez,yTY69T5h#v,johnstonvanessa@example.net,20.22816,-103.5687,MX,Mexico_City,America
kevinrasmussen,@4*OTFEDyG,jgarcia@example.org,-21.44345,-65.71875,BO,La_Paz,America
johnsonlisa,LFP4QtHm@F,aingram@example.com,19.04222,-98.11889,MX,Mexico_City,America
grichardson,9pg&PFvJ#Y,howardhoward@example.com,-15.21194,-75.11028,PE,Lima,America
ashley99,v!1sTgda8%,katiejones@example.net,21.01858,-101.2591,MX,Mexico_City,America
johnsonpaula,&O$gUMqRe7,nguyenandrew@example.com,-23.44361,-51.87389,BR,Sao_Paulo,America
brendaellis,)PVRy4Dj6O,victoria42@example.org,25.87972,-97.50417,MX,Matamoros,America
hudsonkristin,^T(IrQHO6j,daniel31@example.net,42.52787,-70.92866,US,New_York,America
ogray,06OVGkhu!z,murilloandrew@example.net,23.5654,119.58627,TW,Taipei,Asia
sydneywalker,7zY&j1Gm1z,lopezdarrell@example.org,28.90054,-81.26367,US,New_York,America
warderin,&3UwMditti,jfowler@example.net,34.63915,-120.45794,US,Los_Angeles,America
cburton,B_@7ycNaBY,colemanjoanne@example.org,14.8361,120.97844,PH,Manila,Asia
shannon29,_idENfXWg5,ztran@example.com,17.94979,-94.91386,MX,Mexico_City,America
garyjones,wp^N9EEhU3,phillipseric@example.org,-16.25,-69.08333,PE,Lima,America
dgarcia,&7v+ZAoG#x,qmaynard@example.org,8.62261,-70.20749,VE,Caracas,America
shawn39,y*D8CneF@z,gibsoncarol@example.org,17.94979,-94.91386,MX,Mexico_City,America
vmartinez,gdVa@rk5+5,timothyanderson@example.org,17.06542,-96.72365,MX,Mexico_City,America
christophersmith,wso9Qzwn&j,ericsullivan@example.net,16.75973,-93.11308,MX,Mexico_City,America
matthewstewart,*7ZIixht3D,gmathis@example.com,8.62261,-70.20749,VE,Caracas,America
enash,&8Z_5YQa2V,david22@example.net,10.15031,-73.9614,CO,Bogota,America
pmeyer,V)9)Xpoa$+,stephen74@example.org,-34.28853,146.05093,AU,Sydney,Australia
andrea88,+twvaTIWX8,davidmarquez@example.com,3.8801,-77.03116,CO,Bogota,America
williampetersen,!20lUS@g%$,denise42@example.org,46.1351,-60.1831,CA,Glace_Bay,America
carrieholmes,p67b4)Lm!E,ienglish@example.com,41.6764,-91.58045,US,Chicago,America
kathleenknox,@5u6Url!Dk,pattersonrachel@example.com,-27.4338,-65.61427,AR,Argentina,America
ortegasharon,z!20IubkRP,jacob34@example.com,19.8173,-97.35992,MX,Mexico_City,America
xrose,RTyT4XifI+,dcollier@example.net,20.22816,-103.5687,MX,Mexico_City,America
christopher25,)3OR9jlui1,kristen63@example.com,-30.60106,-71.19901,CL,Santiago,America
walkerbrandon,M0c7kBrg*u,sbishop@example.com,8.62261,-70.20749,VE,Caracas,America
nicolejackson,FdCHpFh4!7,tammy93@example.net,33.3213,130.94098,JP,Tokyo,Asia
crussell,$VRNx*brI2,meyersteven@example.com,20.28527,-103.42897,MX,Mexico_City,America
byrdapril,(A4UAZcfuA,clarknicole@example.com,8.35122,-62.64102,VE,Caracas,America
trevor85,_d40cJoKl),william68@example.com,39.09112,-94.41551,US,Chicago,America
kristi42,v)1OB6lDGw,gabrielle81@example.com,-15.21194,-75.11028,PE,Lima,America
rrodriguez,+hyQcmnD1*,troyespinoza@example.com,36.6009,126.665,KR,Seoul,Asia
slove,g@4TnsR%6+,josephdavis@example.net,16.75973,-93.11308,MX,Mexico_City,America
william58,6t6hQT7qu%,brandtwilliam@example.net,46.1351,-60.1831,CA,Glace_Bay,America
schmidtpaul,&SIpXzXnS2,martinezjulia@example.com,-21.44345,-65.71875,BO,La_Paz,America
matthewreynolds,!m5VOZzjc),humphreyphillip@example.com,5.6561,-75.87877,CO,Bogota,America
qmartin,IwtKkk7e)9,rodney73@example.org,20.21322,-100.88023,MX,Mexico_City,America
paul69,&f9_BseX5g,vanessa09@example.net,39.32288,-76.72803,US,New_York,America
callahansandy,$3*blRcfj9,jessehowe@example.net,42.30865,-83.48216,US,Detroit,America
wjones,H6SPhAOh)O,gregory07@example.net,-16.25,-69.08333,PE,Lima,America
woodardthomas,*EUfoff&y0,holmesgina@example.org,43.86682,-79.2663,CA,Toronto,America
alvaradobenjamin,&4B$eP&isb,khunt@example.org,-10.95817,-38.79084,BR,Bahia,America
rhondadelgado,hhnTq%uu+5,jmorgan@example.net,20.74122,-100.44843,MX,Mexico_City,America
jonesrebecca,nJjK5MzpX#,georgekim@example.net,16.455,120.5875,PH,Manila,Asia
chandlerbrent,^5yCBGcgdB,novakmargaret@example.com,21.28306,-89.66123,MX,Merida,America
weberrobert,%73IZ4Pnp!,nramirez@example.net,-16.25,-69.08333,PE,Lima,America
jameswilson,^zTz%lQm5W,jessica91@example.com,8.62261,-70.20749,VE,Caracas,America
blakerodney,j3TeMer$)M,brendapowell@example.com,14.14989,121.3152,PH,Manila,Asia
brianna90,e_7UCJRm5h,thomasross@example.net,-34.64966,-58.38341,AR,Argentina,America
guerreromichael,_0xuRcQaa*,yurandall@example.com,49.88307,-119.48568,CA,Vancouver,America
wlogan,!#z_7Ss2fx,jose87@example.org,42.16808,-88.42814,US,Chicago,America
amy91,_0EfhLu5Fm,brian00@example.net,33.44872,-86.78777,US,Chicago,America
brucemichael,HD5VGUc!c!,sean76@example.com,35.48199,137.02166,JP,Tokyo,Asia
sbell,vDN6T9Tr9*,annejohnson@example.net,30.17746,-81.38758,US,New_York,America
heather52,C3IVGvKw_O,waterscole@example.net,-28.24,-48.67028,BR,Sao_Paulo,America
emilygaines,)85SpDco^p,dwayneburke@example.com,28.54944,-81.77285,US,New_York,America
trevor11,^cXNWta7s8,wvalenzuela@example.org,10.22677,-67.33122,VE,Caracas,America
malonenatalie,p4uJIgug_*,gpadilla@example.com,-31.25033,-61.4867,AR,Argentina,America
jenniferjohnson,E_22$fQxS_,ihughes@example.com,8.56697,123.33471,PH,Manila,Asia
williamsscott,_n_*IZtw6O,glennfuller@example.org,-21.44345,-65.71875,BO,La_Paz,America
brandi64,$6@1XOtOae,jenniferdavis@example.net,-33.75881,150.99292,AU,Sydney,Australia
reederin,v$Bc4DhuV^,brandon91@example.net,45.4473,-73.75335,CA,Toronto,America
fwarren,)4J0LF1Bz1,annaclark@example.net,21.01858,-101.2591,MX,Mexico_City,America
sgreen,43mPlasQ^I,ahernandez@example.org,19.04222,-98.11889,MX,Mexico_City,America
fperez,%5BtsiNur5,phowe@example.net,-3.74912,-73.25383,PE,Lima,America
nbrady,0J98Cuc6I*,justinmack@example.com,25.87972,-97.50417,MX,Matamoros,America
william15,y)6HVPCZoy,deleontammy@example.com,20.74122,-100.44843,MX,Mexico_City,America
georgemichael,%^!KD^+ba5,nathanielperez@example.net,19.32932,-98.1664,MX,Mexico_City,America
alexis32,!AU6ZCct(2,paul02@example.org,21.01858,-101.2591,MX,Mexico_City,America
newtonivan,%mWvA9VC1A,michelle13@example.net,23.5654,119.58627,TW,Taipei,Asia
lopezmark,H^4I1Uevlt,john74@example.org,20.22816,-103.5687,MX,Mexico_City,America
ghensley,HO(8JOfMk^,dorothywyatt@example.net,-34.74785,-58.70072,AR,Argentina,America
wellscolleen,*k9EAvYv*T,lyonserik@example.com,15.45144,78.14797,IN,Kolkata,Asia
terrellkimberly,%+7%MUgiK1,dflores@example.org,20.22816,-103.5687,MX,Mexico_City,America
ingramdaniel,*QcE0zhw3a,alexanderanderson@example.org,9.91861,-68.30472,VE,Caracas,America
roger56,B^$O13Ol*c,singletonjennifer@example.net,4.73245,-74.26419,CO,Bogota,America
thomas14,Xvg06CQ&+),watersjennifer@example.org,5.6561,-75.87877,CO,Bogota,America
jennifersimmons,e+04IXppJf,barias@example.net,-3.74912,-73.25383,PE,Lima,America
tanyamorales,p1DJVSja@k,jacob13@example.org,45.4473,-73.75335,CA,Toronto,America
othomas,rbSPww92^2,julieellison@example.org,38.54491,-121.74052,US,Los_Angeles,America
lowechristopher,vUqIovcE^2,dakota12@example.com,19.04222,-98.11889,MX,Mexico_City,America
nicole24,Oy4f8WbG@6,greed@example.com,19.04222,-98.11889,MX,Mexico_City,America
matthewthomas,c@i3I3yR0b,melissa83@example.net,-32.45242,-71.23106,CL,Santiago,America
williamsjennifer,+c2aI7Cs%6,mallorywalker@example.com,-16.25,-69.08333,PE,Lima,America
stephen59,zBY^6Nhiq),summersjoseph@example.com,19.32889,-99.32556,MX,Mexico_City,America
probinson,G3edJI9p&8,steven29@example.org,19.32889,-99.32556,MX,Mexico_City,America
eramirez,73gcSiRl@1,martinshane@example.com,19.04222,-98.11889,MX,Mexico_City,America
srichardson,^x1L$@ZmA4,benjaminlawson@example.com,38.17492,-122.2608,US,Los_Angeles,America
crystal58,$09&Syxe5V,lucas19@example.org,23.5654,119.58627,TW,Taipei,Asia
ngriffin,gjJMRiG_#7,joshuaking@example.net,26.44931,91.61356,IN,Kolkata,Asia
jonturner,RW24Q5upm),coconnor@example.com,19.32889,-99.32556,MX,Mexico_City,America
chadpowell,!13Lp#Kaks,bowmanjames@example.org,-16.25,-69.08333,PE,Lima,America
pattersonedward,sdED#wBR(7,mbarnes@example.org,43.86682,-79.2663,CA,Toronto,America
dlee,)7S5MbL$3n,lmendoza@example.org,28.98002,77.70636,IN,Kolkata,Asia
briana15,ApE6vOBs@l,katrina25@example.com,35.25064,-91.73625,US,Chicago,America
lozanoamy,&OKhnWDn2o,tony89@example.org,-30.60106,-71.19901,CL,Santiago,America
sheilafritz,FIY54aiil$,sanchezhannah@example.net,14.62578,121.12251,PH,Manila,Asia
williamsryan,np_U2RW&@9,veronicakirby@example.net,-11.94306,-76.70944,PE,Lima,America
anthony90,L&c&3Cav7u,torreskenneth@example.com,-54.8,-68.3,AR,Argentina,America
lechristopher,Q*12AuYbAb,milesnathan@example.org,-3.20333,-52.20639,BR,Santarem,America
zstephens,wm2WXz+%##,jeffrey28@example.org,25.92493,73.66633,IN,Kolkata,Asia
mendozasteven,h^&1EmVp0y,benjamin66@example.com,25.87972,-97.50417,MX,Matamoros,America
jrandolph,^8BfD_okQz,fstokes@example.net,19.04222,-98.11889,MX,Mexico_City,America
mirandamckenzie,%rcbd3RvXb,pwright@example.org,21.01858,-101.2591,MX,Mexico_City,America
pgonzalez,%+8IuFo8V9,andersongina@example.net,42.8334,-80.38297,CA,Toronto,America
nicholas77,$8CUUSsNep,nedwards@example.com,23.5654,119.58627,TW,Taipei,Asia
kevinthompson,Syh$CL7i@6,justin36@example.org,19.8173,-97.35992,MX,Mexico_City,America
mckenzie69,J$0CVbd#)^,vanessabooker@example.net,10.98778,-74.95472,CO,Bogota,America
dcarter,^Em6iKn7^6,alexis79@example.org,-4.42472,-41.45861,BR,Fortaleza,America
andrea65,o7M)tYh8*3,pjackson@example.org,19.32932,-98.1664,MX,Mexico_City,America
williamstravis,TIN7Jnpmj@,ramirezrichard@example.org,8.35122,-62.64102,VE,Caracas,America
davidthomas,Vq0#OSZk@8,msmith@example.org,37.65639,126.835,KR,Seoul,Asia
lcohen,@dXKW+ypg9,erikhawkins@example.com,19.32889,-99.32556,MX,Mexico_City,America
tcastro,*x^1IQqL%t,oliverheather@example.com,-33.88096,151.07986,AU,Sydney,Australia
youngwilliam,Qck87TV+W_,moorejasmine@example.net,53.51684,-113.3187,CA,Edmonton,America
ywood,68F5Xtwf$V,jessicahall@example.org,-30.60106,-71.19901,CL,Santiago,America
nolanjenna,KL_0YcGvOp,steven52@example.com,43.86682,-79.2663,CA,Toronto,America
ujennings,k%*m8R4zU*,dweiss@example.net,20.22816,-103.5687,MX,Mexico_City,America
mwalter,%Epsr(Yse3,qmartinez@example.org,36,139.55722,JP,Tokyo,Asia
foleygeorge,#eBZ4N+h2K,darren18@example.org,-29.2975,-51.50361,BR,Sao_Paulo,America
ethanburke,*B8WtVeb1u,amy47@example.org,-27.4338,-65.61427,AR,Argentina,America
charlesjennings,Sl7KzKQW7),christina30@example.org,-30.60106,-71.19901,CL,Santiago,America
gperez,u8Yx7lal@1,joseph38@example.com,-33.59217,-70.6996,CL,Santiago,America
fdavis,$S11QPybOl,pmitchell@example.net,16.75973,-93.11308,MX,Mexico_City,America
claytondebra,d0#WydGC+0,reginald83@example.com,-28.81833,-52.51028,BR,Sao_Paulo,America
vfrazier,0i7iAOygs(,ajenkins@example.net,19.32932,-98.1664,MX,Mexico_City,America
marissabrowning,+8UQF$ah5W,jnguyen@example.org,25.92493,73.66633,IN,Kolkata,Asia
andrea36,j)9Tvbtj(3,chambersbrian@example.net,9.91861,-68.30472,VE,Caracas,America
colonjason,9eaB8gtc_v,nancy22@example.net,32.35126,-95.30106,US,Chicago,America
mccarthywayne,CA9QxEkZK!,nicolecampbell@example.com,19.04222,-98.11889,MX,Mexico_City,America
baldwinnicholas,lV^O6Vg%IK,jacqueline68@example.com,-54.8,-68.3,AR,Argentina,America
christopherbraun,V6+G2Qxm(&,williamsdwayne@example.net,-26.22861,-52.67056,BR,Sao_Paulo,America
vegaseth,#%C6K)zyKx,ptorres@example.org,-36.9256,-73.02841,CL,Santiago,America
michellecooke,+z8#C*Pjr@,harrelldeborah@example.com,-21.44345,-65.71875,BO,La_Paz,America
bentonashley,R5Dw*0xE_Q,ctorres@example.com,5.6561,-75.87877,CO,Bogota,America
joanna32,%9VVvimo%1,justinfoster@example.org,-21.44345,-65.71875,BO,La_Paz,America
anthony59,jhcD0DEV#1,lewisclaire@example.com,8.79577,-75.69947,CO,Bogota,America
tyrone03,HR@0O)5mw9,boydleslie@example.org,-11.94306,-76.70944,PE,Lima,America
michaelgibson,@aFjHUN4^1,philip27@example.org,45.43341,-73.86586,CA,Toronto,America
emilypreston,8531dWAf(+,laura07@example.org,-8.66667,-35.71667,BR,Recife,America
cody08,_6Yl#3lk7n,timothy54@example.com,20.22816,-103.5687,MX,Mexico_City,America
icarney,!xL9UHDf2$,caseyferrell@example.net,19.64745,-102.04897,MX,Mexico_City,America
tina41,^KWVK2Bx&J,xphillips@example.net,16.75973,-93.11308,MX,Mexico_City,America
ymason,!1b0ZEmY$#,james28@example.net,40.56754,-89.64066,US,Chicago,America
jfriedman,#7Edw@Zl!I,oconnorcrystal@example.net,-11.94306,-76.70944,PE,Lima,America
michaelhernandez,)9EhVijY)d,patriciaweaver@example.com,19.64745,-102.04897,MX,Mexico_City,America
huntbrian,%@q3Gr@3N3,lauratanner@example.org,-34.64966,-58.38341,AR,Argentina,America
gdickerson,2%!w2Efz8x,jamesbrown@example.org,19.64745,-102.04897,MX,Mexico_City,America
yuchristine,Q5S*yoq*)2,melissa99@example.org,25.87972,-97.50417,MX,Matamoros,America
ewalton,z177KXnp$$,wleon@example.org,23.5654,119.58627,TW,Taipei,Asia
gregoryortiz,r!1)SvQAAX,patrickrebecca@example.net,9.82564,78.25795,IN,Kolkata,Asia
todd22,%Dp#uTqf(0,sedwards@example.org,-32.45242,-71.23106,CL,Santiago,America
rscott,Ms1HAL5mQ(,alan69@example.com,-33.59217,-70.6996,CL,Santiago,America
silvaangelica,@2iJZLnk(v,scotttina@example.org,34.25,135.31667,JP,Tokyo,Asia
tgarcia,@rzJ5qQZa8,william11@example.org,42.8334,-80.38297,CA,Toronto,America
michellewise,$6jJs8eJ+J,dale30@example.net,-34.88422,150.60036,AU,Sydney,Australia
sherry84,crw95&T0j+,colleen02@example.org,-32.45242,-71.23106,CL,Santiago,America
ronald66,(SlUwzee80,krystal97@example.net,34.08565,74.80555,IN,Kolkata,Asia
sharonbailey,vIai38UeR&,brittanydyer@example.com,-21.42917,-45.94722,BR,Sao_Paulo,America
antoniohunter,Ot0Q8fzV&3,anita70@example.org,45.43341,-73.86586,CA,Toronto,America
mwest,+Bq08lQh2N,gabrielmcmahon@example.com,-11.94306,-76.70944,PE,Lima,America
kimberly17,1Q^1oRqcq(,grahamkaren@example.com,10.15031,-73.9614,CO,Bogota,America
harrisbrittany,^UaFAqtwU5,qnielsen@example.net,32.5007,-94.74049,US,Chicago,America
marie66,!sb%01DbO%,brian06@example.com,19.64745,-102.04897,MX,Mexico_City,America
brownandrew,%O)3%Iz#Ny,krodriguez@example.org,37.52487,-77.55777,US,New_York,America
joannajohnson,E9tQ$zp#*K,amber20@example.com,17.06542,-96.72365,MX,Mexico_City,America
hollyjackson,&1BZu(hh5k,angela92@example.net,42.8334,-80.38297,CA,Toronto,America
lbailey,g*7VLO@MYa,davidrivera@example.net,20.28527,-103.42897,MX,Mexico_City,America
richardsloretta,Qsq9wLLz(R,ericameyer@example.net,20.21322,-100.88023,MX,Mexico_City,America
david16,$o6sqFbpUU,ryan39@example.net,22.75218,72.68533,IN,Kolkata,Asia
lynncollins,+HrmePC9o4,nancy97@example.org,19.32932,-98.1664,MX,Mexico_City,America
mary05,$361vGEpT4,michael73@example.net,-34.74785,-58.70072,AR,Argentina,America
nicoleorr,ar^00WHtf*,xchang@example.net,22.49396,-105.36369,MX,Mazatlan,America
valerie03,Z8!KLgvF@O,marywallace@example.org,19.32889,-99.32556,MX,Mexico_City,America
michaelanthony,+WcTIadEB9,deanna27@example.net,27.71809,-82.35176,US,New_York,America
brianzuniga,1xcYWib4+b,russell02@example.net,-4.16694,-40.7475,BR,Fortaleza,America
allenandrea,33Q1ACmb&1,taylor46@example.com,10.7375,122.9666,PH,Manila,Asia
gjones,+J!zVoP_+7,jimenezallison@example.net,17.94979,-94.91386,MX,Mexico_City,America
stanleybrandon,G1OGEtIE#),nicholsbill@example.org,19.04222,-98.11889,MX,Mexico_City,America
hschmitt,+8A4WujC6D,ddaugherty@example.org,-31.95224,115.8614,AU,Perth,Australia
nstanley,&t36HxQB#U,parkashley@example.net,36.20389,127.08472,KR,Seoul,Asia
jeffrey32,a+08IzGx#0,jillianparks@example.com,8.79577,-75.69947,CO,Bogota,America
bellbrian,i)5Nvj(0GY,nicole80@example.org,41.85059,-87.882,US,Chicago,America
lolson,%bJv&93A3L,steven26@example.org,21.28306,-89.66123,MX,Merida,America
williamstamara,_3+PT4zK+H,thomasrobert@example.com,22.49396,-105.36369,MX,Mazatlan,America
ufoster,0F6MsRym#w,stevenbrown@example.com,-19.32556,-41.25528,BR,Sao_Paulo,America
chelsea14,#LUdt1Ka2Z,territhornton@example.net,46.1351,-60.1831,CA,Glace_Bay,America
barrondarrell,$j5pM6Kuwt,martinedward@example.com,-34.64966,-58.38341,AR,Argentina,America
troy98,+7hG@750&l,mward@example.com,20.28527,-103.42897,MX,Mexico_City,America
christopher74,WyD97Nalt(,wtodd@example.org,-32.45242,-71.23106,CL,Santiago,America
mary61,%cq47KBt@%,nathanielmay@example.net,25.87972,-97.50417,MX,Matamoros,America
sanchezpamela,h@B9XMUq!o,bwise@example.com,40.81,-73.9625,US,New_York,America
teresathompson,&4BCkjTrY!,yhernandez@example.org,-17.74431,-48.62789,BR,Sao_Paulo,America
nancy85,!G_m(1Zr!L,michelle83@example.net,22.49396,-105.36369,MX,Mazatlan,America
rromero,uFAH5kHr%C,carriesanders@example.net,22.49396,-105.36369,MX,Mazatlan,America
richardflores,DbZ4GyQnK+,owensjack@example.org,19.8173,-97.35992,MX,Mexico_City,America
ryan56,&@o5Trhkon,carpentererica@example.net,5.6561,-75.87877,CO,Bogota,America
zstrong,91D4YMqmg@,hannahmathis@example.com,-16.25,-69.08333,PE,Lima,America
melissa31,r&7uXzIg#I,ilopez@example.net,41.8542,-87.66561,US,Chicago,America
oellis,j)#y&0CrOC,jeremy76@example.net,38.54491,-121.74052,US,Los_Angeles,America
cassie52,@q)%XopY)2,amyedwards@example.com,-11.94306,-76.70944,PE,Lima,America
ebeltran,WZaJ6UCd*y,roberttaylor@example.com,53.51684,-113.3187,CA,Edmonton,America
pettybrandon,n1AgMVKB+i,huberangel@example.net,-30.60106,-71.19901,CL,Santiago,America
sextondiana,k*O0Aopx^4,berryheidi@example.org,16.75973,-93.11308,MX,Mexico_City,America
hvasquez,sXJLC*Ck+1,dillonlee@example.org,38.54491,-121.74052,US,Los_Angeles,America
jessicacampbell,0GfbTKEa$m,barbarahenderson@example.net,-17.74431,-48.62789,BR,Sao_Paulo,America
robbinscarrie,c7pDVjyb@$,sarahreynolds@example.org,-26.22861,-52.67056,BR,Sao_Paulo,America
williamsbarbara,q3XN&G0J&6,kochmichael@example.net,-23.44361,-51.87389,BR,Sao_Paulo,America
ulong,j#4IbZzC!w,nancy75@example.com,8.79577,-75.69947,CO,Bogota,America
frazierkathleen,^WB4vKgaf9,smithmichael@example.com,-54.8,-68.3,AR,Argentina,America
david49,xF^h#2Dw^1,jenningsdavid@example.net,-25.54073,152.70493,AU,Brisbane,Australia
scott27,Yp!7fvan$0,patrickpage@example.com,33.4425,129.96972,JP,Tokyo,Asia
thall,B6O&Gg6I*m,pattersonjerry@example.com,-21.44345,-65.71875,BO,La_Paz,America
moyerjoseph,I1_1KAf6$S,lopezamanda@example.org,45.44868,-73.81669,CA,Toronto,America
tsingh,@!0w@Jij8S,lawrencesusan@example.org,-37.32167,-59.13316,AR,Argentina,America
michaelreynolds,c(4NLByS#J,yyoung@example.net,14.95472,120.89694,PH,Manila,Asia
anthony79,7$76TK0Uwh,vickie84@example.org,-19.7625,-44.31389,BR,Sao_Paulo,America
ortegayvonne,%A#L1pKs95,zgibbs@example.net,-11.94306,-76.70944,PE,Lima,America
floresvicki,YS^S6*Pb+H,jamessingh@example.org,25.87972,-97.50417,MX,Matamoros,America
psmith,2b1JX95cS*,stephensonpaula@example.com,19.8173,-97.35992,MX,Mexico_City,America
kennethjohnson,x&8GHVjy6H,dkim@example.org,20.74122,-100.44843,MX,Mexico_City,America
vincentsteven,)rv&Z!B)_8,ibutler@example.net,38.17492,-122.2608,US,Los_Angeles,America
davischristian,!(6Ju6KJFc,david42@example.org,19.04222,-98.11889,MX,Mexico_City,America
stephaniehoffman,iv!6B5xW_8,laurenpoole@example.net,22.49396,-105.36369,MX,Mazatlan,America
kingjennifer,$RH)DVrPG7,taylormorales@example.com,19.8173,-97.35992,MX,Mexico_City,America
markwarner,v^Q2LXcOxt,joseph47@example.org,19.32932,-98.1664,MX,Mexico_City,America
ncunningham,%7^dQ%fb3o,phillip55@example.org,-34.74785,-58.70072,AR,Argentina,America
johngarcia,1#V3XxX5_9,michael59@example.org,-22.53722,-42.98194,BR,Sao_Paulo,America
kaitlyn08,A!9YA2Fd%_,megan65@example.com,21.01858,-101.2591,MX,Mexico_City,America
julia86,3c_U6Opn$f,smithdylan@example.com,23.5654,119.58627,TW,Taipei,Asia
lisawillis,C4BuBpnk&L,nicholasrussell@example.net,20.28527,-103.42897,MX,Mexico_City,America
michellehanson,2R93Q9Ch!^,zcarney@example.com,-33.75881,150.99292,AU,Sydney,Australia
lsmith,d#vB2*M7!r,linda15@example.com,-27.50578,153.10236,AU,Brisbane,Australia
williammartin,#7q6Wo1jGn,meganhumphrey@example.net,-21.205,-41.88778,BR,Sao_Paulo,America
billy40,0@4bB5AV!z,prussell@example.org,34.77453,-96.67834,US,Chicago,America
richard61,@cHx%1Vww^,beckersonia@example.com,30.16688,-96.39774,US,Chicago,America
morgan46,76AgTti3)P,cmoore@example.org,9.91861,-68.30472,VE,Caracas,America
ortizvanessa,Fg%M2@Wg0p,nataliesmith@example.com,-32.45242,-71.23106,CL,Santiago,America
michaelharrison,&U*@G@Or2S,denisemoore@example.org,-31.25033,-61.4867,AR,Argentina,America
simpsonmichael,!PQ8(Yf@JC,jbell@example.net,-32.45242,-71.23106,CL,Santiago,America
wmarsh,2bVUeEKk*M,cantunatasha@example.org,19.64745,-102.04897,MX,Mexico_City,America
michaelwiley,D#B5z4Xwry,sarah41@example.com,33.52253,-117.70755,US,Los_Angeles,America
peter29,^Cs59a$s42,sarabishop@example.net,19.64745,-102.04897,MX,Mexico_City,America
kathygray,xGMNZe%S(3,bwilkerson@example.com,16.75973,-93.11308,MX,Mexico_City,America
hendersonkimberly,$3Dq#_%sUD,kimberly44@example.org,-31.25033,-61.4867,AR,Argentina,America
richardgillespie,v28Zdmm_+d,dawn98@example.com,-21.44345,-65.71875,BO,La_Paz,America
woodsheila,h$4Y29Ct6D,terrancewilliams@example.org,35.74788,-95.36969,US,Chicago,America
dukestephanie,wDy3o8Fq!3,johnjackson@example.org,29.84576,-90.10674,US,Chicago,America
xbarker,#T#V2O6n&2,harrisonsteven@example.net,-31.25033,-61.4867,AR,Argentina,America
holtchristopher,J^7HVy$E62,parkerheather@example.com,41.14676,-73.49484,US,New_York,America
emaldonado,S&25O3PTnv,westbrian@example.com,19.8173,-97.35992,MX,Mexico_City,America
nancygordon,_xIcP$jkR8,mario50@example.org,23.07492,88.28637,IN,Kolkata,Asia
johnsonnatalie,$75AFBov!s,dianabriggs@example.net,-3.14306,-58.44417,BR,Manaus,America
theresataylor,e^I6Ue+6Zn,thomasrobert@example.com,49.88307,-119.48568,CA,Vancouver,America
jessica54,+et1QQt#LL,williamsjeffrey@example.org,-33.59217,-70.6996,CL,Santiago,America
tamara30,22svJRwn(&,mayocristina@example.net,20.28527,-103.42897,MX,Mexico_City,America
mpowell,@d5FF$r!i*,andrew70@example.net,29.53885,-95.44744,US,Chicago,America
